wall,t,timeScale,bladeGapFraction,heroHipX,heroHipY,heroHandX,heroHandY,heroTipX,heroTipY,foeHipX,foeHipY,foeHandX,foeHandY,foeTipX,foeTipY,heroShoulderX,heroShoulderY,heroElbowX,heroElbowY,heroHeadX,heroHeadY,heroStandX,foeStandX,heroArmWeight,heroBladeWeight
0.00000,0.00000,1.00000,0.898121,0.00000,0.96500,-0.00382,0.87639,0.01160,0.12256,1.55000,0.96500,1.55382,0.87639,1.53840,0.12256,0.15590,1.37975,0.15781,1.07986,0.07178,1.59749,0.00000,1.55000,0.30000,0.00000
0.00833,0.00833,1.00000,0.857680,0.00000,0.96499,-0.00874,0.86855,0.04597,0.11656,1.55000,0.96500,1.55874,0.86855,1.50403,0.11656,0.15591,1.37974,0.14205,1.08018,0.07178,1.59748,0.00000,1.55000,0.30000,0.00000
0.01667,0.01667,1.00000,0.816831,0.00001,0.96498,-0.01311,0.86203,0.08075,0.11392,1.55000,0.96500,1.56321,0.86212,1.46936,0.11401,0.15601,1.37966,0.12644,1.08124,0.07197,1.59743,0.00001,1.55000,0.30000,0.00000
0.02500,0.02500,1.00000,0.775058,0.00004,0.96495,-0.01698,0.85690,0.11604,0.11474,1.55000,0.96500,1.56694,0.85699,1.43364,0.11489,0.15607,1.37959,0.11086,1.08314,0.07206,1.59740,0.00004,1.55000,0.30000,0.00000
0.03333,0.03333,1.00000,0.734279,0.00012,0.96491,-0.02057,0.85325,0.15040,0.11891,1.55000,0.96500,1.57049,0.85341,1.39867,0.11927,0.15642,1.37938,0.09548,1.08576,0.07261,1.59730,0.00012,1.55000,0.30000,0.00000
0.04167,0.04167,1.00000,0.692976,0.00026,0.96487,-0.02358,0.85103,0.18516,0.12651,1.55000,0.96500,1.57334,0.85121,1.36322,0.12710,0.15668,1.37922,0.08029,1.08924,0.07298,1.59721,0.00026,1.55000,0.30000,0.00000
0.05000,0.05000,1.00000,0.652101,0.00048,0.96481,-0.02591,0.85022,0.21976,0.13738,1.55000,0.96500,1.57592,0.85052,1.32833,0.13834,0.15733,1.37896,0.06560,1.09346,0.07383,1.59706,0.00048,1.55000,0.30000,0.00000
0.05833,0.05833,1.00000,0.611580,0.00082,0.96474,-0.02784,0.85088,0.25384,0.15149,1.55000,0.96500,1.57788,0.85125,1.29352,0.15294,0.15797,1.37867,0.05115,1.09847,0.07475,1.59691,0.00082,1.55000,0.30000,0.00000
0.06667,0.06667,1.00000,0.571037,0.00128,0.96466,-0.02889,0.85292,0.28833,0.16891,1.55000,0.96500,1.57945,0.85346,1.25909,0.17092,0.15889,1.37834,0.03728,1.10424,0.07590,1.59672,0.00128,1.55000,0.30000,0.00000
0.07500,0.07500,1.00000,0.532224,0.00190,0.96458,-0.03085,0.85702,0.31979,0.18953,1.55000,0.96500,1.58032,0.85705,1.22456,0.19226,0.15988,1.37802,0.02281,1.11131,0.07712,1.59655,0.00190,1.55000,0.30135,0.00000
0.08333,0.08333,1.00000,0.488400,0.00269,0.96448,-0.02769,0.85997,0.35403,0.20975,1.55000,0.96500,1.57422,0.85846,1.18430,0.21312,0.16123,1.37770,0.01394,1.11651,0.07862,1.59635,0.00269,1.55000,0.30559,0.00000
0.09167,0.09167,1.00000,0.438228,0.00366,0.96438,-0.01928,0.86084,0.39242,0.22918,1.55000,0.96500,1.56067,0.85680,1.13740,0.23283,0.16258,1.37736,0.01030,1.11904,0.08019,1.59615,0.00366,1.55000,0.31248,0.00000
0.10000,0.10000,1.00000,0.412207,0.00482,0.96427,-0.01908,0.86398,0.40513,0.24065,1.55000,0.96500,1.55133,0.85608,1.10585,0.24776,0.16431,1.37698,0.00535,1.12271,0.08212,1.59593,0.00482,1.55000,0.32176,0.00000
0.10833,0.10833,1.00000,0.421917,0.00619,0.96415,-0.02814,0.86907,0.38862,0.24074,1.55000,0.96500,1.55133,0.85608,1.10585,0.24776,0.16625,1.37664,-0.00064,1.12750,0.08420,1.59570,0.00619,1.55000,0.33318,0.00000
0.11667,0.11667,1.00000,0.433352,0.00778,0.96402,-0.03862,0.87533,0.36918,0.24114,1.55000,0.96500,1.55133,0.85608,1.10585,0.24776,0.16850,1.37617,-0.00745,1.13334,0.08673,1.59543,0.00778,1.55000,0.34651,0.00000
0.12500,0.12500,1.00000,0.445868,0.00957,0.96388,-0.05012,0.88292,0.34789,0.24254,1.55000,0.96500,1.55133,0.85608,1.10585,0.24776,0.17077,1.37583,-0.01499,1.14042,0.08911,1.59521,0.00957,1.55000,0.36152,0.00000
0.13333,0.13333,1.00000,0.459181,0.01159,0.96374,-0.06190,0.89157,0.32524,0.24456,1.55000,0.96500,1.55133,0.85608,1.10585,0.24776,0.17354,1.37543,-0.02242,1.14844,0.09199,1.59494,0.01159,1.55000,0.37799,0.00000
0.14167,0.14167,1.00000,0.473764,0.01382,0.96359,-0.07446,0.90156,0.30045,0.24738,1.55000,0.96500,1.55133,0.85608,1.10585,0.24776,0.17646,1.37498,-0.03016,1.15765,0.09512,1.59466,0.01382,1.55000,0.39570,0.00000
0.15000,0.15000,1.00000,0.488700,0.01626,0.96343,-0.08697,0.91268,0.27506,0.25129,1.55000,0.96500,1.55133,0.85608,1.10585,0.24776,0.17954,1.37462,-0.03766,1.16786,0.09825,1.59440,0.01626,1.55000,0.41448,0.00000
0.15833,0.15833,1.00000,0.504350,0.01891,0.96327,-0.09950,0.92497,0.24849,0.25609,1.55000,0.96500,1.55133,0.85608,1.10585,0.24776,0.18280,1.37430,-0.04482,1.17905,0.10142,1.59417,0.01891,1.55000,0.43411,0.00000
0.16667,0.16667,1.00000,0.520377,0.02176,0.96310,-0.11170,0.93828,0.22132,0.26181,1.55000,0.96500,1.55133,0.85608,1.10585,0.24776,0.18632,1.37392,-0.05138,1.19108,0.10502,1.59390,0.02176,1.55000,0.45442,0.00000
0.17500,0.17500,1.00000,0.536670,0.02479,0.96292,-0.12335,0.95246,0.19374,0.26839,1.55000,0.96500,1.55133,0.85608,1.10585,0.24776,0.19011,1.37352,-0.05713,1.20379,0.10882,1.59362,0.02479,1.55000,0.47524,0.00000
0.18333,0.18333,1.00000,0.552867,0.02801,0.96274,-0.13434,0.96746,0.16640,0.27604,1.55000,0.96500,1.55133,0.85608,1.10585,0.24776,0.19391,1.37326,-0.06215,1.21715,0.11241,1.59340,0.02801,1.55000,0.49639,0.00000
0.19167,0.19167,1.00000,0.569391,0.03138,0.96255,-0.14456,0.98305,0.13857,0.28424,1.55000,0.96500,1.55133,0.85608,1.10585,0.24776,0.19805,1.37289,-0.06608,1.23084,0.11651,1.59312,0.03138,1.55000,0.51774,0.00000
0.20000,0.20000,1.00000,0.585592,0.03492,0.96236,-0.15396,0.99922,0.11139,0.29346,1.55000,0.96500,1.55133,0.85608,1.10585,0.24776,0.20215,1.37261,-0.06923,1.24494,0.12042,1.59288,0.03492,1.55000,0.53913,0.00000
0.20833,0.20833,1.00000,0.602061,0.03859,0.96216,-0.16247,1.01576,0.08384,0.30313,1.55000,0.96500,1.55133,0.85608,1.10585,0.24776,0.20659,1.37226,-0.07117,1.25913,0.12477,1.59261,0.03859,1.55000,0.56042,0.00000
0.21667,0.21667,1.00000,0.618381,0.04238,0.96195,-0.17015,1.03257,0.05666,0.31349,1.55000,0.96500,1.55133,0.85608,1.10585,0.24776,0.21098,1.37197,-0.07226,1.27336,0.12894,1.59237,0.04238,1.55000,0.58150,0.00000
0.22500,0.22500,1.00000,0.633960,0.04628,0.96174,-0.17659,1.04915,0.03083,0.32424,1.55000,0.96500,1.55133,0.85608,1.10585,0.24776,0.21551,1.37172,-0.07227,1.28723,0.13324,1.59214,0.04628,1.55000,0.60223,0.00000
0.23333,0.23333,1.00000,0.649731,0.05027,0.96153,-0.18227,1.06583,0.00479,0.33540,1.55000,0.96500,1.55133,0.85608,1.10585,0.24776,0.22021,1.37139,-0.07132,1.30090,0.13775,1.59187,0.05027,1.55000,0.62251,0.00000
0.24167,0.24167,1.00000,0.664962,0.05434,0.96131,-0.18705,1.08222,-0.02023,0.34690,1.55000,0.96500,1.55133,0.85608,1.10585,0.24776,0.22481,1.37113,-0.06965,1.31413,0.14213,1.59164,0.05434,1.55000,0.64225,0.00000
0.25000,0.25000,1.00000,0.679955,0.05846,0.96109,-0.19092,1.09824,-0.04476,0.35854,1.55000,0.96500,1.55133,0.85608,1.10585,0.24776,0.22959,1.37086,-0.06708,1.32678,0.14665,1.59139,0.05846,1.55000,0.66134,0.00000
0.25833,0.25833,1.00000,0.694848,0.06263,0.96087,-0.19413,1.11388,-0.06902,0.37033,1.55000,0.96500,1.55133,0.85608,1.10585,0.24776,0.23438,1.37057,-0.06386,1.33881,0.15122,1.59114,0.06263,1.55000,0.67971,0.00000
0.26667,0.26667,1.00000,0.709006,0.06683,0.96064,-0.19650,1.12880,-0.09196,0.38208,1.55000,0.96500,1.55133,0.85608,1.10585,0.24776,0.23918,1.37034,-0.06006,1.35005,0.15569,1.59092,0.06683,1.55000,0.69729,0.00000
0.27500,0.27500,1.00000,0.722940,0.07103,0.96041,-0.19833,1.14311,-0.11445,0.39379,1.55000,0.96500,1.55133,0.85608,1.10585,0.24776,0.24394,1.37001,-0.05583,1.36051,0.16038,1.59065,0.07103,1.55000,0.71400,0.00000
0.28333,0.28333,1.00000,0.736423,0.07523,0.96017,-0.19957,1.15661,-0.13612,0.40528,1.55000,0.96500,1.55133,0.85608,1.10585,0.24776,0.24872,1.36977,-0.05121,1.37005,0.16485,1.59041,0.07523,1.55000,0.72980,0.00000
0.29167,0.29167,1.00000,0.749346,0.07940,0.95994,-0.20035,1.16935,-0.15680,0.41661,1.55000,0.96500,1.55133,0.85608,1.10585,0.24776,0.25339,1.36954,-0.04639,1.37879,0.16918,1.59020,0.07940,1.55000,0.74465,0.00000
0.30000,0.30000,1.00000,0.762053,0.08355,0.95970,-0.20071,1.18124,-0.17710,0.42761,1.55000,0.96500,1.55133,0.85608,1.10585,0.24776,0.25816,1.36924,-0.04127,1.38653,0.17377,1.58994,0.08355,1.55000,0.75849,0.00000
0.30833,0.30833,1.00000,0.774077,0.08764,0.95946,-0.20077,1.19217,-0.19623,0.43818,1.55000,0.96500,1.55133,0.85608,1.10585,0.24776,0.26276,1.36896,-0.03618,1.39336,0.17817,1.58969,0.08764,1.55000,0.77131,0.00000
0.31667,0.31667,1.00000,0.785659,0.09166,0.95921,-0.20064,1.20232,-0.21461,0.44845,1.55000,0.96500,1.55133,0.85608,1.10585,0.24776,0.26718,1.36859,-0.03116,1.39941,0.18258,1.58942,0.09166,1.55000,0.78309,0.00000
0.32500,0.32500,1.00000,0.797203,0.09562,0.95897,-0.20032,1.21165,-0.23294,0.45835,1.55000,0.96500,1.55133,0.85608,1.10585,0.24776,0.27171,1.36824,-0.02602,1.40449,0.18705,1.58915,0.09562,1.55000,0.79382,0.00000
0.33333,0.33333,1.00000,0.807410,0.09948,0.95872,-0.19982,1.21994,-0.24904,0.46754,1.55000,0.96500,1.55133,0.85608,1.10585,0.24776,0.27582,1.36802,-0.02131,1.40889,0.19095,1.58895,0.09948,1.55000,0.80350,0.00000
0.34167,0.34167,1.00000,0.817904,0.10324,0.95847,-0.19917,1.22730,-0.26569,0.47623,1.55000,0.96500,1.55133,0.85608,1.10585,0.24776,0.28025,1.36758,-0.01636,1.41209,0.19547,1.58864,0.10324,1.55000,0.81213,0.00000
0.35000,0.35000,1.00000,0.827039,0.10690,0.95822,-0.19834,1.23366,-0.28011,0.48410,1.55000,0.96500,1.55133,0.85608,1.10585,0.24776,0.28436,1.36734,-0.01181,1.41470,0.19931,1.58840,0.10690,1.55000,0.81974,0.00000
0.35833,0.35833,1.00000,0.835922,0.11043,0.95797,-0.19745,1.23934,-0.29415,0.49157,1.55000,0.96500,1.55133,0.85608,1.10585,0.24776,0.28845,1.36700,-0.00735,1.41663,0.20324,1.58809,0.11043,1.55000,0.82635,0.00000
0.36667,0.36667,1.00000,0.843473,0.11384,0.95772,-0.19641,1.24429,-0.30600,0.49829,1.55000,0.96500,1.55133,0.85608,1.10585,0.24776,0.29220,1.36671,-0.00327,1.41827,0.20685,1.58786,0.11384,1.55000,0.83200,0.00000
0.37500,0.37500,1.00000,0.850659,0.11712,0.95747,-0.19516,1.24842,-0.31732,0.50437,1.55000,0.96500,1.55133,0.85608,1.10585,0.24776,0.29611,1.36620,0.00088,1.41911,0.21101,1.58753,0.11712,1.55000,0.83673,0.00000
0.38333,0.38333,1.00000,0.856565,0.12025,0.95722,-0.19389,1.25174,-0.32660,0.50950,1.55000,0.96500,1.55133,0.85608,1.10585,0.24776,0.29963,1.36581,0.00456,1.41963,0.21461,1.58727,0.12025,1.55000,0.84060,0.00000
0.39167,0.39167,1.00000,0.862039,0.12324,0.95697,-0.19255,1.25454,-0.33521,0.51415,1.55000,0.96500,1.55133,0.85608,1.10585,0.24776,0.30310,1.36537,0.00814,1.41975,0.21819,1.58697,0.12324,1.55000,0.84367,0.00000
0.40000,0.40000,1.00000,0.866726,0.12608,0.95672,-0.19115,1.25660,-0.34260,0.51796,1.55000,0.96500,1.55133,0.85608,1.10585,0.24776,0.30643,1.36492,0.01148,1.41942,0.22168,1.58667,0.12608,1.55000,0.84601,0.00000
0.40833,0.40833,1.00000,0.870632,0.12877,0.95647,-0.18967,1.25815,-0.34877,0.52112,1.55000,0.96500,1.55133,0.85608,1.10585,0.24776,0.30960,1.36447,0.01464,1.41886,0.22502,1.58637,0.12877,1.55000,0.84771,0.00000
0.41667,0.41667,1.00000,0.874375,0.13131,0.95622,-0.18827,1.25937,-0.35471,0.52396,1.55000,0.96500,1.55133,0.85608,1.10585,0.24776,0.31266,1.36399,0.01763,1.41803,0.22830,1.58605,0.13131,1.55000,0.84885,0.00000
0.42500,0.42500,1.00000,0.877004,0.13369,0.95598,-0.18682,1.25997,-0.35889,0.52586,1.55000,0.96500,1.55133,0.85608,1.10585,0.24776,0.31542,1.36357,0.02029,1.41705,0.23114,1.58577,0.13369,1.55000,0.84954,0.00000
0.43333,0.43333,1.00000,0.879624,0.13592,0.95573,-0.18539,1.26040,-0.36309,0.52763,1.55000,0.96500,1.55133,0.85608,1.10585,0.24776,0.31817,1.36308,0.02292,1.41589,0.23413,1.58545,0.13592,1.55000,0.84988,0.00000
0.44167,0.44167,1.00000,0.881749,0.13800,0.95549,-0.18403,1.26062,-0.36650,0.52903,1.55000,0.96500,1.55133,0.85608,1.10585,0.24776,0.32067,1.36263,0.02529,1.41475,0.23682,1.58515,0.13800,1.55000,0.84999,0.00000
0.45000,0.45000,1.00000,0.883855,0.13993,0.95525,-0.18265,1.26079,-0.36989,0.53040,1.55000,0.96500,1.55133,0.85607,1.10585,0.24776,0.32317,1.36211,0.02768,1.41355,0.23961,1.58482,0.13993,1.55000,0.85000,0.00000
0.45833,0.45833,0.99910,0.885131,0.14172,0.95501,-0.18118,1.26108,-0.37178,0.53156,1.55000,0.96499,1.55143,0.85612,1.10594,0.24781,0.32537,1.36165,0.02984,1.41287,0.24202,1.58452,0.14172,1.55000,0.85000,0.00000
0.46667,0.46663,0.99508,0.885086,0.14337,0.95477,-0.17924,1.26157,-0.37152,0.53250,1.55000,0.96495,1.55143,0.85609,1.10594,0.24778,0.32757,1.36109,0.03213,1.41288,0.24457,1.58418,0.14337,1.55000,0.85000,0.00000
0.47500,0.47488,0.98806,0.882249,0.14488,0.95454,-0.17658,1.26242,-0.36718,0.53290,1.55000,0.96490,1.55130,0.85605,1.10535,0.24808,0.32956,1.36061,0.03444,1.41421,0.24680,1.58387,0.14488,1.55000,0.85000,0.00000
0.48333,0.48306,0.97839,0.876865,0.14626,0.95431,-0.17286,1.26340,-0.35786,0.53244,1.55000,0.96484,1.55137,0.85600,1.10543,0.24803,0.33153,1.36015,0.03699,1.41680,0.24884,1.58357,0.14626,1.55000,0.85000,0.00000
0.49167,0.49114,0.96659,0.867642,0.14751,0.95409,-0.16762,1.26443,-0.34195,0.53085,1.55000,0.96475,1.55163,0.85600,1.10568,0.24804,0.33361,1.35972,0.03998,1.42088,0.25082,1.58327,0.14751,1.55000,0.85000,0.00000
0.50000,0.49911,0.95324,0.852861,0.14864,0.95388,-0.16056,1.26590,-0.31768,0.52845,1.55000,0.96466,1.55156,0.85598,1.10491,0.24853,0.33550,1.35938,0.04332,1.42717,0.25242,1.58301,0.14864,1.55000,0.85000,0.00000
0.50833,0.50696,0.93896,0.832511,0.14967,0.95367,-0.15066,1.26789,-0.28309,0.52560,1.55000,0.96455,1.55170,0.85596,1.10482,0.24867,0.33763,1.35892,0.04773,1.43586,0.25429,1.58269,0.14967,1.55000,0.85000,0.00000
0.51667,0.51470,0.92435,0.805714,0.15060,0.95347,-0.13776,1.27072,-0.23762,0.52336,1.55000,0.96442,1.55168,0.85591,1.10433,0.24897,0.33962,1.35855,0.05309,1.44720,0.25593,1.58240,0.15060,1.55000,0.85000,0.00000
0.52500,0.52231,0.90999,0.776652,0.15143,0.95327,-0.12318,1.27401,-0.18739,0.52274,1.55000,0.96429,1.55182,0.85586,1.10424,0.24909,0.34145,1.35827,0.05907,1.45936,0.25724,1.58216,0.15143,1.55000,0.85000,0.00000
0.53333,0.52981,0.89639,0.746030,0.15219,0.95308,-0.10709,1.27773,-0.13436,0.52422,1.55000,0.96414,1.55180,0.85579,1.10375,0.24936,0.34332,1.35794,0.06585,1.47181,0.25865,1.58189,0.15219,1.55000,0.85000,0.00000
0.54167,0.53720,0.88400,0.714571,0.15288,0.95290,-0.08974,1.28190,-0.07943,0.52796,1.55000,0.96399,1.55182,0.85573,1.10308,0.24982,0.34515,1.35762,0.07330,1.48435,0.25999,1.58162,0.15288,1.55000,0.85000,0.00000
0.55000,0.54450,0.87317,0.683254,0.15350,0.95273,-0.07129,1.28673,-0.02313,0.53426,1.55000,0.96382,1.55204,0.85567,1.10307,0.24993,0.34679,1.35741,0.08138,1.49711,0.26102,1.58140,0.15350,1.55000,0.85000,0.00000
0.55833,0.55172,0.86420,0.651827,0.15406,0.95256,-0.05191,1.29191,0.03341,0.54275,1.55000,0.96365,1.55191,0.85557,1.10224,0.25035,0.34846,1.35713,0.09017,1.50959,0.26223,1.58114,0.15406,1.55000,0.85000,0.00000
0.56667,0.55887,0.85730,0.621347,0.15458,0.95239,-0.03159,1.29758,0.09010,0.55346,1.55000,0.96346,1.55220,0.85554,1.10206,0.25066,0.35015,1.35687,0.09972,1.52191,0.26340,1.58089,0.15458,1.55000,0.85000,0.00000
0.57500,0.56599,0.85263,0.590865,0.15505,0.95223,-0.01053,1.30356,0.14725,0.56625,1.55000,0.96327,1.55212,0.85544,1.10105,0.25126,0.35160,1.35670,0.10970,1.53402,0.26427,1.58068,0.15505,1.55000,0.85000,0.00000
0.58333,0.57308,0.85028,0.563136,0.15548,0.95208,0.01108,1.31027,0.20234,0.58093,1.55000,0.96307,1.55246,0.85540,1.10116,0.25138,0.35314,1.35647,0.12067,1.54598,0.26535,1.58044,0.15548,1.55000,0.85000,0.00000
0.59167,0.58016,0.85031,0.536062,0.15587,0.95193,0.03327,1.31748,0.25678,0.59737,1.55000,0.96286,1.55232,0.85532,1.10010,0.25200,0.35447,1.35638,0.13227,1.55783,0.26598,1.58026,0.15587,1.55000,0.85000,0.00000
0.60000,0.58726,0.85270,0.511438,0.15623,0.95178,0.05625,1.32523,0.30966,0.61509,1.55000,0.96263,1.55245,0.85519,1.09976,0.25222,0.35594,1.35618,0.14512,1.56950,0.26699,1.58002,0.15623,1.55000,0.85000,0.00000
0.60833,0.59440,0.85740,0.498015,0.15657,0.95164,0.07433,1.33472,0.34104,0.62947,1.55000,0.96240,1.55257,0.85512,1.09919,0.25266,0.35732,1.35599,0.15859,1.58062,0.26790,1.57979,0.15657,1.55000,0.85000,0.00000
0.61667,0.60158,0.86430,0.499116,0.15687,0.95150,0.08646,1.34789,0.34287,0.63882,1.55000,0.96216,1.55269,0.85503,1.09862,0.25310,0.35860,1.35592,0.17429,1.59253,0.26857,1.57961,0.15687,1.55000,0.85000,0.00000
0.62500,0.60884,0.87325,0.516937,0.15716,0.95136,0.09524,1.36826,0.31129,0.64588,1.55000,0.96190,1.55271,0.85493,1.09772,0.25370,0.35976,1.35584,0.19671,1.60757,0.26920,1.57943,0.15716,1.55000,0.85000,0.00000
0.63333,0.61618,0.88402,0.556697,0.15742,0.95123,0.10201,1.39751,0.23997,0.65624,1.55000,0.96163,1.55264,0.85476,1.09672,0.25422,0.36102,1.35567,0.22837,1.62466,0.27009,1.57920,0.15742,1.55000,0.85000,0.00000
0.64167,0.62363,0.89633,0.608242,0.15766,0.95111,0.11037,1.43005,0.15252,0.67722,1.55000,0.96135,1.55286,0.85469,1.09625,0.25468,0.36225,1.35558,0.26471,1.63919,0.27081,1.57900,0.15766,1.55000,0.84926,0.00000
0.65000,0.63118,0.90982,0.661744,0.15788,0.95098,0.12143,1.46152,0.06621,0.70955,1.55000,0.96106,1.55288,0.85455,1.09536,0.25524,0.36329,1.35557,0.30143,1.64903,0.27127,1.57885,0.15788,1.55000,0.84713,0.00000
0.65833,0.63885,0.92406,0.715585,0.15809,0.95087,0.13534,1.49151,-0.01661,0.75298,1.55000,0.96075,1.55270,0.85439,1.09380,0.25614,0.36447,1.35543,0.33808,1.65418,0.27211,1.57863,0.15809,1.55000,0.84362,0.00000
0.66667,0.64664,0.93855,0.769274,0.15828,0.95075,0.15156,1.51980,-0.09348,0.80673,1.55000,0.96043,1.55282,0.85428,1.09300,0.25673,0.36544,1.35544,0.37341,1.65525,0.27253,1.57849,0.15828,1.55000,0.83877,0.00000
0.67500,0.65455,0.95275,0.821447,0.15845,0.95064,0.16988,1.54615,-0.16294,0.86958,1.55000,0.96009,1.55285,0.85410,1.09211,0.25726,0.36639,1.35545,0.40700,1.65260,0.27300,1.57834,0.15845,1.55000,0.83260,0.00000
0.68333,0.66258,0.96606,0.870571,0.15861,0.95054,0.19001,1.57051,-0.22409,0.94040,1.55000,0.95974,1.55239,0.85395,1.08960,0.25870,0.36740,1.35539,0.43851,1.64676,0.27362,1.57816,0.15861,1.55000,0.82517,0.00000
0.69167,0.67070,0.97787,0.913190,0.15875,0.95045,0.21121,1.59265,-0.27536,1.01666,1.55000,0.95938,1.55252,0.85379,1.08881,0.25926,0.36826,1.35541,0.46704,1.63859,0.27406,1.57803,0.15875,1.55000,0.81652,0.00000
0.70000,0.67891,0.98760,0.945240,0.15888,0.95036,0.23335,1.61273,-0.31691,1.09725,1.55000,0.95900,1.55262,0.85361,1.08777,0.25996,0.36913,1.35537,0.49279,1.62861,0.27459,1.57787,0.15888,1.55000,0.80674,0.00000
0.70833,0.68719,0.99476,0.954086,0.15900,0.95028,0.25561,1.63079,-0.34846,1.17955,1.55000,0.95861,1.55263,0.85347,1.08642,0.26090,0.36977,1.35548,0.51521,1.61777,0.27476,1.57780,0.15900,1.55000,0.79591,0.00000
0.71667,0.69550,0.99895,0.954207,0.15911,0.95021,0.27802,1.64681,-0.37034,1.26192,1.55000,0.95821,1.55231,0.85328,1.08451,0.26195,0.37055,1.35549,0.53479,1.60644,0.27522,1.57767,0.15911,1.55000,0.78413,0.00000
0.72500,0.70384,1.00000,0.953314,0.15920,0.95015,0.29985,1.66109,-0.38360,1.34264,1.55000,0.95781,1.55212,0.85306,1.08274,0.26300,0.37118,1.35558,0.55133,1.59536,0.27549,1.57758,0.15920,1.55000,0.77154,0.00000
0.73333,0.71217,1.00000,0.951584,0.15929,0.95010,0.32087,1.67361,-0.38915,1.41987,1.55000,0.95739,1.55208,0.85290,1.08133,0.26391,0.37189,1.35553,0.56517,1.58486,0.27604,1.57745,0.15929,1.55000,0.75823,0.00000
0.74167,0.72050,1.00000,0.951395,0.15937,0.95006,0.33774,1.68749,-0.39143,1.49561,1.55000,0.95697,1.55165,0.85267,1.07910,0.26513,0.37236,1.35567,0.57353,1.57811,0.27612,1.57741,0.15937,1.55000,0.74430,0.00000
0.75000,0.72884,1.00000,0.972803,0.15943,0.95003,0.32515,1.72432,-0.41695,1.59086,1.55000,0.95653,1.55160,0.85253,1.07748,0.26626,0.37266,1.35584,0.55152,1.59658,0.27606,1.57741,0.15943,1.55000,0.72982,0.00000
0.75833,0.73717,1.00000,0.993109,0.15950,0.95001,0.31039,1.75730,-0.43945,1.67822,1.55000,0.95610,1.55128,0.85228,1.07559,0.26728,0.37316,1.35590,0.52686,1.61343,0.27637,1.57735,0.15950,1.55000,0.71489,0.00000
0.76667,0.74550,1.00000,1.012096,0.15955,0.95000,0.29333,1.78582,-0.46009,1.75633,1.55000,0.95565,1.55092,0.85207,1.07321,0.26873,0.37338,1.35605,0.49985,1.62799,0.27629,1.57737,0.15955,1.55000,0.69957,0.00000
0.77500,0.75384,1.00000,1.029622,0.15960,0.95000,0.27456,1.80956,-0.47929,1.82488,1.55000,0.95520,1.55052,0.85186,1.07102,0.26998,0.37365,1.35619,0.47133,1.63974,0.27634,1.57736,0.15960,1.55000,0.68395,0.00000
0.78333,0.76217,1.00000,1.045739,0.15964,0.95000,0.25226,1.82623,-0.50030,1.87274,1.55000,0.95475,1.55058,0.85169,1.06975,0.27092,0.37388,1.35630,0.44184,1.64841,0.27639,1.57736,0.15964,1.55000,0.66809,0.00000
0.79167,0.77050,1.00000,1.059395,0.15968,0.95000,0.21653,1.82530,-0.53716,1.84669,1.55000,0.95429,1.55005,0.85147,1.06699,0.27254,0.37407,1.35640,0.41194,1.65391,0.27643,1.57736,0.15968,1.55000,0.65206,0.00000
0.80000,0.77884,1.00000,1.071463,0.15972,0.95000,0.17981,1.81968,-0.57414,1.81070,1.55000,0.95382,1.54971,0.85124,1.06488,0.27379,0.37424,1.35648,0.38195,1.65629,0.27646,1.57736,0.15972,1.55000,0.63594,0.00000
0.80833,0.78717,1.00000,1.081543,0.15975,0.95000,0.14347,1.81007,-0.60936,1.76815,1.55000,0.95335,1.54944,0.85099,1.06306,0.27486,0.37439,1.35655,0.35256,1.65567,0.27649,1.57736,0.15975,1.55000,0.61977,0.00000
0.81667,0.79550,1.00000,1.089037,0.15978,0.95000,0.10788,1.79660,-0.64214,1.71923,1.55000,0.95287,1.54893,0.85081,1.06035,0.27654,0.37449,1.35660,0.32402,1.65223,0.27652,1.57736,0.15978,1.55000,0.60363,0.00000
0.82500,0.80384,1.00000,1.094419,0.15980,0.95000,0.07374,1.77971,-0.67149,1.66505,1.55000,0.95239,1.54860,0.85056,1.05826,0.27779,0.37457,1.35663,0.29681,1.64629,0.27654,1.57736,0.15980,1.55000,0.58757,0.00000
0.83333,0.81217,1.00000,1.097309,0.15982,0.95000,0.04143,1.75983,-0.69687,1.60676,1.55000,0.95191,1.54822,0.85036,1.05590,0.27929,0.37462,1.35665,0.27110,1.63813,0.27657,1.57736,0.15982,1.55000,0.57164,0.00000
0.84167,0.82050,1.00000,1.133470,0.15984,0.96500,-0.05278,1.76089,-0.77838,1.55588,1.55000,0.95143,1.54772,0.85011,1.05343,0.28074,0.33257,1.39470,0.18495,1.65578,0.22321,1.59975,0.15984,1.55000,0.55590,0.00000
0.85000,0.82884,1.00000,1.135733,0.15986,0.96499,-0.06842,1.75102,-0.80454,1.58779,1.55000,0.95094,1.54742,0.84990,1.05139,0.28205,0.32731,1.38167,0.16291,1.63251,0.23754,1.59602,0.15986,1.55000,0.54038,0.00000
0.85833,0.83717,1.00000,1.131228,0.15988,0.96497,-0.09304,1.72308,-0.81871,1.51835,1.55000,0.95045,1.54704,0.84969,1.04905,0.28355,0.32788,1.38045,0.14464,1.61787,0.23990,1.59558,0.15988,1.55000,0.52515,0.00000
0.86667,0.84550,1.00000,1.124904,0.15989,0.96494,-0.11662,1.69381,-0.82875,1.44606,1.55000,0.94995,1.54640,0.84944,1.04603,0.28541,0.32790,1.38038,0.12693,1.60300,0.23998,1.59555,0.15989,1.55000,0.51024,0.00000
0.87500,0.85384,1.00000,1.117491,0.15990,0.96490,-0.13711,1.66384,-0.83327,1.37422,1.55000,0.94946,1.54632,0.84926,1.04444,0.28658,0.32805,1.38026,0.11140,1.58766,0.24015,1.59549,0.15990,1.55000,0.49568,0.00000
0.88333,0.86217,1.00000,1.107791,0.15991,0.96485,-0.15478,1.63379,-0.83289,1.30411,1.55000,0.94896,1.54555,0.84901,1.04130,0.28845,0.32818,1.38026,0.09774,1.57222,0.24007,1.59547,0.15991,1.55000,0.48153,0.00000
0.89167,0.87050,1.00000,1.097797,0.15992,0.96479,-0.16989,1.60340,-0.82778,1.23503,1.55000,0.94846,1.54528,0.84879,1.03931,0.28978,0.32830,1.38010,0.08578,1.55655,0.24019,1.59540,0.15992,1.55000,0.46780,0.00000
0.90000,0.87884,1.00000,1.086881,0.15993,0.96471,-0.18243,1.57374,-0.81867,1.16913,1.55000,0.94796,1.54471,0.84858,1.03660,0.29151,0.32834,1.38003,0.07546,1.54127,0.24015,1.59535,0.15993,1.55000,0.45453,0.00000
0.90833,0.88717,1.00000,0.833826,0.15994,0.96463,-0.17027,1.13503,-0.38776,0.41308,1.55000,0.94747,1.54430,0.84837,1.03406,0.29325,0.32860,1.37991,0.04621,1.27889,0.24026,1.59527,0.15994,1.55000,0.30013,0.00000
0.91667,0.89550,1.00000,0.842274,0.15995,0.96455,-0.17538,1.14726,-0.40420,0.42882,1.55000,0.94697,1.54394,0.84816,1.03200,0.29460,0.32880,1.37968,0.04334,1.28769,0.24051,1.59517,0.15995,1.55000,0.30251,0.00000
0.92500,0.90384,1.00000,0.857540,0.15995,0.96445,-0.18353,1.16819,-0.43292,0.45663,1.55000,0.94647,1.54340,0.84794,1.02934,0.29636,0.32891,1.37959,0.03914,1.30228,0.24044,1.59510,0.15995,1.55000,0.30771,0.00000
0.93333,0.91217,1.00000,0.879487,0.15996,0.96434,-0.19319,1.19776,-0.47209,0.49724,1.55000,0.94597,1.54318,0.84773,1.02743,0.29773,0.32935,1.37933,0.03489,1.32242,0.24087,1.59495,0.15996,1.55000,0.31546,0.00000
0.94167,0.92050,1.00000,0.905617,0.15996,0.96423,-0.20306,1.23537,-0.51889,0.55071,1.55000,0.94547,1.54263,0.84752,1.02478,0.29950,0.32960,1.37915,0.03134,1.34771,0.24104,1.59484,0.15996,1.55000,0.32551,0.00000
0.95000,0.92884,1.00000,0.934788,0.15997,0.96410,-0.21124,1.28050,-0.56999,0.61731,1.55000,0.94498,1.54207,0.84727,1.02233,0.30104,0.32974,1.37905,0.02983,1.37769,0.24088,1.59476,0.15997,1.55000,0.33762,0.00000
0.95833,0.93717,1.00000,0.965137,0.15997,0.96397,-0.21556,1.33281,-0.62237,0.69797,1.55000,0.94449,1.54170,0.84711,1.01987,0.30288,0.33012,1.37883,0.03203,1.41191,0.24114,1.59463,0.15997,1.55000,0.35156,0.00000
0.96667,0.94550,1.00000,0.995144,0.15997,0.96383,-0.21433,1.39138,-0.67296,0.79290,1.55000,0.94400,1.54125,0.84692,1.01754,0.30448,0.33045,1.37855,0.03903,1.44943,0.24143,1.59447,0.15997,1.55000,0.36710,0.00000
0.97500,0.95384,1.00000,1.022267,0.15998,0.96369,-0.20565,1.45432,-0.71713,0.90034,1.55000,0.94351,1.54088,0.84671,1.01530,0.30609,0.33077,1.37841,0.05196,1.48894,0.24147,1.59435,0.15998,1.55000,0.38403,0.00000
0.98333,0.96217,1.00000,1.044804,0.15998,0.96354,-0.18788,1.52003,-0.75178,1.01949,1.55000,0.94302,1.54050,0.84647,1.01326,0.30746,0.33117,1.37819,0.07189,1.52893,0.24169,1.59419,0.15998,1.55000,0.40214,0.00000
0.99167,0.97050,1.00000,1.062903,0.15998,0.96338,-0.16004,1.58649,-0.77401,1.14881,1.55000,0.94254,1.54007,0.84627,1.01097,0.30909,0.33146,1.37795,0.09920,1.56770,0.24187,1.59404,0.15998,1.55000,0.42123,0.00000
1.00000,0.97884,1.00000,1.077425,0.15998,0.96321,-0.12115,1.65111,-0.78046,1.28529,1.55000,0.94206,1.53980,0.84613,1.00886,0.31077,0.33194,1.37767,0.13433,1.60327,0.24220,1.59386,0.15998,1.55000,0.44112,0.00000
1.00833,0.98717,1.00000,1.087488,0.15999,0.96304,-0.07168,1.71109,-0.76929,1.42498,1.55000,0.94159,1.53925,0.84590,1.00646,0.31238,0.33238,1.37748,0.17644,1.63367,0.24232,1.59370,0.15999,1.55000,0.46162,0.00000
1.01667,0.99550,1.00000,1.091304,0.15999,0.96286,-0.01191,1.76425,-0.73929,1.56568,1.55000,0.94112,1.53899,0.84576,1.00437,0.31409,0.33279,1.37720,0.22488,1.65703,0.24264,1.59351,0.15999,1.55000,0.48258,0.00000
1.02500,1.00384,1.00000,1.087134,0.15999,0.96267,0.05712,1.80794,-0.68951,1.70277,1.55000,0.94065,1.53866,0.84558,1.00241,0.31554,0.33334,1.37685,0.27847,1.67170,0.24313,1.59329,0.15999,1.55000,0.50382,0.00000
1.03333,1.01217,1.00000,1.074801,0.15999,0.96248,0.13245,1.84012,-0.62150,1.83177,1.55000,0.94019,1.53822,0.84537,1.00034,0.31698,0.33375,1.37665,0.33447,1.67657,0.24324,1.59313,0.15999,1.55000,0.52520,0.00000
1.04167,1.02050,1.00000,1.054017,0.15999,0.96229,0.21283,1.85943,-0.53567,1.95033,1.55000,0.93973,1.53785,0.84520,0.99816,0.31867,0.33428,1.37633,0.39157,1.67072,0.24358,1.59292,0.15999,1.55000,0.54657,0.00000
1.05000,1.02884,1.00000,1.026020,0.15999,0.96209,0.29450,1.86510,-0.43532,2.05451,1.55000,0.93929,1.53763,0.84502,0.99652,0.31994,0.33460,1.37614,0.44663,1.65434,0.24361,1.59277,0.15999,1.55000,0.56780,0.00000
1.05833,1.03717,1.00000,0.990604,0.15999,0.96188,0.37570,1.85671,-0.32221,2.14208,1.55000,0.93884,1.53699,0.84485,0.99387,0.32185,0.33516,1.37580,0.49825,1.62749,0.24406,1.59253,0.15999,1.55000,0.58877,0.00000
1.06667,1.04550,1.00000,0.949873,0.15999,0.96167,0.45321,1.83502,-0.19995,2.21172,1.55000,0.93841,1.53673,0.84469,0.99201,0.32336,0.33564,1.37547,0.54379,1.59139,0.24439,1.59232,0.15999,1.55000,0.60936,0.00000
1.07500,1.05384,1.00000,0.905087,0.15999,0.96146,0.52448,1.80105,-0.07221,2.26199,1.55000,0.93798,1.53668,0.84452,0.99076,0.32445,0.33613,1.37508,0.58155,1.54747,0.24487,1.59208,0.15999,1.55000,0.62946,0.00000
1.08333,1.06217,1.00000,0.857305,0.16000,0.96124,0.58768,1.75650,0.05824,2.29336,1.55000,0.93755,1.53624,0.84435,0.98873,0.32595,0.33661,1.37468,0.61020,1.49755,0.24530,1.59183,0.16000,1.55000,0.64898,0.00000
1.09167,1.07050,1.00000,0.808652,0.16000,0.96102,0.64096,1.70384,0.18766,2.30637,1.55000,0.93714,1.53598,0.84422,0.98689,0.32750,0.33715,1.37437,0.62882,1.44420,0.24564,1.59162,0.16000,1.55000,0.66783,0.00000
1.10000,1.07884,1.00000,0.760263,0.16000,0.96079,0.68335,1.64489,0.31351,2.30195,1.55000,0.93673,1.53556,0.84405,0.98488,0.32902,0.33754,1.37397,0.63707,1.38912,0.24605,1.59137,0.16000,1.55000,0.68593,0.00000
1.10833,1.08717,1.00000,0.713285,0.16000,0.96056,0.71485,1.58180,0.43411,2.28159,1.55000,0.93633,1.53522,0.84390,0.98316,0.33035,0.33818,1.37353,0.63551,1.33428,0.24667,1.59110,0.16000,1.55000,0.70321,0.00000
1.11667,1.09550,1.00000,0.669617,0.16000,0.96033,0.73467,1.51762,0.54591,2.24761,1.55000,0.93594,1.53507,0.84373,0.98183,0.33145,0.33844,1.37313,0.62428,1.28230,0.24695,1.59087,0.16000,1.55000,0.71962,0.00000
1.12500,1.10384,1.00000,0.629220,0.16000,0.96009,0.74433,1.45365,0.64979,2.20170,1.55000,0.93556,1.53495,0.84361,0.98053,0.33260,0.33891,1.37271,0.60495,1.23425,0.24743,1.59062,0.16000,1.55000,0.73509,0.00000
1.13333,1.11217,1.00000,0.592544,0.16000,0.95985,0.74448,1.39150,0.74453,2.14550,1.55000,0.93519,1.53448,0.84345,0.97850,0.33415,0.33945,1.37222,0.57867,1.19132,0.24809,1.59032,0.16000,1.55000,0.74959,0.00000
1.14167,1.12050,1.00000,0.560931,0.16000,0.95961,0.73597,1.33357,0.82775,2.08196,1.55000,0.93483,1.53433,0.84336,0.97698,0.33555,0.33976,1.37181,0.54704,1.15504,0.24843,1.59008,0.16000,1.55000,0.76308,0.00000
1.15000,1.12884,1.00000,0.533471,0.16000,0.95937,0.72065,1.27957,0.90195,2.01145,1.55000,0.93448,1.53411,0.84323,0.97559,0.33670,0.34024,1.37127,0.51158,1.12512,0.24906,1.58979,0.16000,1.55000,0.77554,0.00000
1.15833,1.13717,1.00000,0.510678,0.16000,0.95913,0.69960,1.23099,0.96535,1.93660,1.55000,0.93414,1.53396,0.84311,0.97428,0.33787,0.34062,1.37076,0.47389,1.10207,0.24968,1.58951,0.16000,1.55000,0.78695,0.00000
1.16667,1.14550,1.00000,0.492198,0.16000,0.95888,0.67446,1.18826,1.01868,1.85910,1.55000,0.93380,1.53361,0.84297,0.97278,0.33902,0.34075,1.37038,0.43556,1.08583,0.24987,1.58930,0.16000,1.55000,0.79731,0.00000
1.17500,1.15384,1.00000,0.477570,0.16000,0.95863,0.64647,1.15073,1.06278,1.77938,1.55000,0.93349,1.53357,0.84286,0.97176,0.33999,0.34104,1.36988,0.39771,1.07536,0.25041,1.58903,0.16000,1.55000,0.80662,0.00000
1.18333,1.16217,1.00000,0.466167,0.16000,0.95838,0.61698,1.11829,1.09849,1.69852,1.55000,0.93318,1.53352,0.84276,0.97075,0.34097,0.34148,1.36936,0.36155,1.07011,0.25114,1.58873,0.16000,1.55000,0.81490,0.00000
1.19167,1.17050,1.00000,0.457554,0.16000,0.95813,0.58683,1.09083,1.12553,1.61839,1.55000,0.93288,1.53317,0.84266,0.96925,0.34216,0.34187,1.36881,0.32780,1.06921,0.25173,1.58840,0.16000,1.55000,0.82215,0.00000
1.20000,1.17884,1.00000,0.451513,0.16000,0.95788,0.55702,1.06778,1.14521,1.53954,1.55000,0.93260,1.53302,0.84255,0.96814,0.34313,0.34219,1.36837,0.29712,1.07185,0.25214,1.58811,0.16000,1.55000,0.82843,0.00000
1.20833,1.18717,1.00000,0.447760,0.16000,0.95763,0.52798,1.04841,1.15783,1.46291,1.55000,0.93233,1.53299,0.84242,0.96754,0.34365,0.34252,1.36778,0.26960,1.07685,0.25289,1.58780,0.16000,1.55000,0.83375,0.00000
1.21667,1.19550,1.00000,0.430644,0.16000,0.95738,0.50030,1.03209,1.16476,1.38848,1.55000,0.93207,1.53283,0.84234,0.96642,0.34466,0.34290,1.36725,0.24551,1.08358,0.25355,1.58751,0.16000,1.55000,0.83817,0.00000
1.22500,1.20384,1.00000,0.395587,0.16000,0.95713,0.47424,1.01838,1.16637,1.31751,1.55000,0.93182,1.53277,0.84226,0.96560,0.34544,0.34323,1.36667,0.22470,1.09116,0.25430,1.58720,0.16000,1.55000,0.84176,0.00000
1.23333,1.21217,1.00000,0.363626,0.16000,0.95688,0.45025,1.00696,1.16364,1.25108,1.55000,0.93159,1.53261,0.84219,0.96449,0.34647,0.34348,1.36617,0.20716,1.09902,0.25487,1.58692,0.16000,1.55000,0.84456,0.00000
1.24167,1.22050,1.00000,0.335142,0.16000,0.95663,0.42817,0.99682,1.15766,1.18751,1.55000,0.93138,1.53237,0.84211,0.96349,0.34726,0.34391,1.36553,0.19255,1.10660,0.25575,1.58657,0.16000,1.55000,0.84667,0.00000
1.25000,1.22884,1.00000,0.309836,0.16000,0.95638,0.40802,0.98805,1.14888,1.12825,1.55000,0.93117,1.53250,0.84204,0.96324,0.34762,0.34418,1.36505,0.18049,1.11373,0.25632,1.58629,0.16000,1.55000,0.84816,0.00000
1.25833,1.23717,1.00000,0.286792,0.16000,0.95614,0.38979,0.98014,1.13806,1.07292,1.55000,0.93099,1.53223,0.84199,0.96202,0.34866,0.34448,1.36450,0.17071,1.12004,0.25701,1.58597,0.16000,1.55000,0.84914,0.00000
1.26667,1.24550,1.00000,0.265394,0.16000,0.95589,0.37322,0.97251,1.12573,1.01981,1.55000,0.93081,1.53210,0.84193,0.96132,0.34926,0.34484,1.36395,0.16301,1.12542,0.25777,1.58565,0.16000,1.55000,0.84969,0.00000
1.27500,1.25384,1.00000,0.246624,0.16000,0.95565,0.35804,0.96566,1.11203,0.97077,1.55000,0.93066,1.53240,0.84188,0.96144,0.34943,0.34525,1.36337,0.15672,1.13010,0.25857,1.58532,0.16000,1.55000,0.84994,0.00000
1.28333,1.26217,1.00000,0.229723,0.16000,0.95540,0.34402,0.95949,1.09726,0.92558,1.55000,0.93052,1.53215,0.84182,0.96062,0.35003,0.34541,1.36293,0.15148,1.13413,0.25901,1.58506,0.16000,1.55000,0.85000,0.00000
1.29167,1.27050,0.99999,0.260530,0.16000,0.95516,0.33077,0.95340,1.08133,0.88142,1.55000,0.96500,1.55602,0.85754,1.11334,0.24719,0.34594,1.36229,0.14731,1.13756,0.26005,1.58469,0.16000,1.55000,0.85000,0.00000
1.30000,1.27883,0.99806,0.254676,0.16000,0.95492,0.31871,0.94875,1.06541,0.84403,1.55000,0.96498,1.55741,0.85762,1.11802,0.24490,0.34613,1.36187,0.14348,1.14075,0.26048,1.58443,0.16000,1.55000,0.85000,0.00000
1.30833,1.28711,0.99296,0.249154,0.16000,0.95469,0.30761,0.94541,1.04979,0.81242,1.55000,0.96494,1.55719,0.85758,1.11733,0.24520,0.34648,1.36127,0.13979,1.14392,0.26132,1.58409,0.16000,1.55000,0.85000,0.00000
1.31667,1.29534,0.98496,0.246709,0.16000,0.95446,0.29819,0.94426,1.03636,0.79055,1.55000,0.96488,1.55727,0.85754,1.11741,0.24516,0.34673,1.36082,0.13599,1.14740,0.26187,1.58382,0.16000,1.55000,0.85000,0.00000
1.32500,1.30348,0.97449,0.246290,0.16000,0.95423,0.29079,0.94487,1.02594,0.77731,1.55000,0.96481,1.55740,0.85751,1.11754,0.24512,0.34730,1.36028,0.13243,1.15101,0.26271,1.58348,0.16000,1.55000,0.85000,0.00000
1.33333,1.31153,0.96209,0.247544,0.16000,0.95402,0.28522,0.94769,1.01887,0.77366,1.55000,0.96472,1.55716,0.85747,1.11636,0.24575,0.34801,1.35983,0.12870,1.15523,0.26348,1.58318,0.16000,1.55000,0.85000,0.00000
1.34167,1.31946,0.94834,0.251250,0.16000,0.95380,0.28128,0.95261,1.01500,0.77886,1.55000,0.96462,1.55727,0.85741,1.11623,0.24586,0.34879,1.35941,0.12468,1.16008,0.26414,1.58289,0.16000,1.55000,0.85000,0.00000
1.35000,1.32727,0.93387,0.256765,0.16000,0.95360,0.27903,0.95949,1.01431,0.79250,1.55000,0.96451,1.55723,0.85731,1.11596,0.24594,0.34968,1.35902,0.12052,1.16551,0.26486,1.58260,0.16000,1.55000,0.85000,0.00000
1.35833,1.33496,0.91929,0.263912,0.16000,0.95340,0.27821,0.96842,1.01632,0.81443,1.55000,0.96438,1.55688,0.85720,1.11468,0.24650,0.35050,1.35872,0.11609,1.17161,0.26533,1.58235,0.16000,1.55000,0.85000,0.00000
1.36667,1.34254,0.90514,0.272881,0.16000,0.95321,0.27871,0.97883,1.02027,0.84243,1.55000,0.96424,1.55682,0.85709,1.11414,0.24673,0.35157,1.35830,0.11180,1.17811,0.26616,1.58204,0.16000,1.55000,0.85000,0.00000
1.37500,1.35000,0.89191,0.283851,0.16000,0.95302,0.28031,0.99097,1.02567,0.87710,1.55000,0.96409,1.55681,0.85699,1.11367,0.24697,0.35250,1.35804,0.10745,1.18510,0.26664,1.58181,0.16000,1.55000,0.85000,0.00000
1.38333,1.35735,0.88003,0.296258,0.16000,0.95284,0.28293,1.00439,1.03184,0.91688,1.55000,0.96393,1.55655,0.85685,1.11247,0.24752,0.35350,1.35774,0.10333,1.19229,0.26723,1.58155,0.16000,1.55000,0.85000,0.00000
1.39167,1.36462,0.86982,0.310596,0.16000,0.95267,0.28648,1.01906,1.03828,0.96149,1.55000,0.96376,1.55638,0.85671,1.11160,0.24789,0.35459,1.35745,0.09952,1.19966,0.26788,1.58129,0.16000,1.55000,0.85000,0.00000
1.40000,1.37182,0.86155,0.327249,0.16000,0.95250,0.29097,1.03490,1.04461,1.01140,1.55000,0.96358,1.55649,0.85664,1.11124,0.24816,0.35554,1.35724,0.09604,1.20686,0.26835,1.58107,0.16000,1.55000,0.85000,0.00000
1.40833,1.37896,0.85541,0.345722,0.16000,0.95234,0.29628,1.05161,1.05016,1.06541,1.55000,0.96340,1.55638,0.85654,1.11020,0.24874,0.35658,1.35698,0.09309,1.21372,0.26894,1.58082,0.16000,1.55000,0.85000,0.00000
1.41667,1.38606,0.85154,0.365835,0.16000,0.95218,0.30231,1.06847,1.05442,1.12185,1.55000,0.96320,1.55631,0.85643,1.10943,0.24915,0.35765,1.35674,0.09088,1.21968,0.26958,1.58057,0.16000,1.55000,0.85000,0.00000
1.42500,1.39315,0.85002,0.381377,0.16000,0.95202,0.30699,1.08102,1.05641,1.16406,1.55000,0.96300,1.55612,0.85626,1.10831,0.24966,0.35870,1.35651,0.08976,1.22376,0.27017,1.58033,0.16000,1.55000,0.85000,0.00000
1.43333,1.40023,0.85088,0.392867,0.16000,0.95188,0.31045,1.09014,1.05721,1.19442,1.55000,0.96278,1.55603,0.85615,1.10728,0.25023,0.35965,1.35641,0.08925,1.22666,0.27053,1.58015,0.16000,1.55000,0.85000,0.00000
1.44167,1.40734,0.85408,0.400184,0.16000,0.95173,0.31215,1.09664,1.05713,1.21293,1.55000,0.96255,1.55603,0.85602,1.10659,0.25063,0.36065,1.35621,0.08878,1.22957,0.27111,1.57991,0.16000,1.55000,0.85000,0.00000
1.45000,1.41449,0.85956,0.404354,0.16000,0.95159,0.31216,1.10164,1.05637,1.22279,1.55000,0.96232,1.55586,0.85587,1.10550,0.25117,0.36148,1.35609,0.08793,1.23312,0.27145,1.57973,0.16000,1.55000,0.85000,0.00000
1.45833,1.42170,0.86720,0.404162,0.16000,0.95145,0.30908,1.10596,1.05437,1.22025,1.55000,0.96207,1.55577,0.85572,1.10448,0.25171,0.36242,1.35603,0.08607,1.23948,0.27181,1.57955,0.16000,1.55000,0.85000,0.00000
1.46667,1.42899,0.87681,0.393405,0.16000,0.95132,0.29597,1.11087,1.04634,1.18473,1.55000,0.96181,1.55540,0.85555,1.10272,0.25258,0.36340,1.35586,0.08050,1.25626,0.27239,1.57933,0.16000,1.55000,0.85000,0.00000
1.47500,1.43637,0.88815,0.372983,0.16000,0.95119,0.26886,1.12050,1.02274,1.10715,1.55000,0.96154,1.55559,0.85545,1.10221,0.25299,0.36420,1.35582,0.07164,1.28981,0.27268,1.57916,0.16000,1.55000,0.84990,0.00000
1.48333,1.44385,0.90092,0.356077,0.16000,0.95106,0.24185,1.13276,0.98843,1.02723,1.55000,0.96125,1.55558,0.85526,1.10128,0.25351,0.36517,1.35567,0.06683,1.32493,0.27327,1.57894,0.16000,1.55000,0.84867,0.00000
1.49167,1.45144,0.91472,0.345030,0.16000,0.95094,0.21807,1.14605,0.94768,0.95580,1.55000,0.96095,1.55542,0.85511,1.09996,0.25423,0.36610,1.35558,0.06619,1.35698,0.27374,1.57875,0.16000,1.55000,0.84606,0.00000
1.50000,1.45915,0.92911,0.339079,0.16000,0.95082,0.19714,1.15955,0.90246,0.89302,1.55000,0.96064,1.55522,0.85495,1.09839,0.25512,0.36690,1.35552,0.06848,1.38540,0.27414,1.57858,0.16000,1.55000,0.84208,0.00000
1.50833,1.46698,0.94357,0.337468,0.16000,0.95071,0.17887,1.17251,0.85505,0.83891,1.55000,0.96031,1.55503,0.85472,1.09705,0.25576,0.36766,1.35552,0.07269,1.40976,0.27443,1.57843,0.16000,1.55000,0.83677,0.00000
1.51667,1.47494,0.95752,0.338891,0.16000,0.95061,0.16296,1.18437,0.80728,0.79276,1.55000,0.95997,1.55484,0.85454,1.09548,0.25664,0.36849,1.35545,0.07800,1.43002,0.27484,1.57825,0.16000,1.55000,0.83016,0.00000
1.52500,1.48300,0.97037,0.342640,0.16000,0.95051,0.14882,1.19463,0.76074,0.75409,1.55000,0.95962,1.55478,0.85444,1.09405,0.25759,0.36912,1.35554,0.08322,1.44614,0.27495,1.57815,0.16000,1.55000,0.82229,0.00000
1.53333,1.49115,0.98152,0.347272,0.16000,0.95042,0.13674,1.20253,0.71774,0.72195,1.55000,0.95925,1.55442,0.85416,1.09231,0.25837,0.37002,1.35541,0.08815,1.45787,0.27560,1.57794,0.16000,1.55000,0.81324,0.00000
1.54167,1.49939,0.99041,0.352561,0.16000,0.95033,0.12568,1.20814,0.67848,0.69538,1.55000,0.95887,1.55453,0.85398,1.09105,0.25927,0.37054,1.35551,0.09165,1.46582,0.27570,1.57786,0.16000,1.55000,0.80308,0.00000
1.55000,1.50768,0.99658,0.356522,0.16000,0.95026,0.11624,1.21081,0.64529,0.67357,1.55000,0.95847,1.55410,0.85378,1.08880,0.26048,0.37120,1.35551,0.09391,1.46977,0.27600,1.57773,0.16000,1.55000,0.79190,0.00000
1.55833,1.51601,0.99967,0.360284,0.16000,0.95019,0.10791,1.21033,0.61810,0.65515,1.55000,0.95807,1.55387,0.85358,1.08721,0.26136,0.37177,1.35554,0.09452,1.46990,0.27623,1.57763,0.16000,1.55000,0.77983,0.00000
1.56667,1.52434,1.00000,0.362428,0.16000,0.95013,0.10096,1.20668,0.59782,0.63953,1.55000,0.95766,1.55366,0.85337,1.08518,0.26258,0.37239,1.35555,0.09375,1.46650,0.27658,1.57751,0.16000,1.55000,0.76697,0.00000
1.57500,1.53268,1.00000,0.362556,0.16000,0.95008,0.09531,1.19970,0.58473,0.62613,1.55000,0.95724,1.55322,0.85309,1.08315,0.26356,0.37280,1.35563,0.09149,1.45960,0.27670,1.57745,0.16000,1.55000,0.75344,0.00000
1.58333,1.54101,1.00000,0.359560,0.16000,0.95005,0.09138,1.18935,0.57926,0.61447,1.55000,0.95682,1.55285,0.85290,1.08076,0.26500,0.37320,1.35571,0.08826,1.44926,0.27681,1.57739,0.16000,1.55000,0.73931,0.00000
1.59167,1.54934,1.00000,0.354235,0.16000,0.95002,0.08936,1.17575,0.58120,0.60425,1.55000,0.95638,1.55281,0.85271,1.07936,0.26590,0.37354,1.35584,0.08444,1.43562,0.27687,1.57736,0.16000,1.55000,0.72467,0.00000
1.60000,1.55768,1.00000,0.345184,0.16000,0.95001,0.08965,1.15885,0.59063,0.59535,1.55000,0.95594,1.55229,0.85246,1.07705,0.26710,0.37383,1.35593,0.08054,1.41862,0.27698,1.57733,0.16000,1.55000,0.70959,0.00000
1.60833,1.56601,1.00000,0.326913,0.16000,0.95000,0.09013,1.11565,0.60479,0.56461,1.55000,0.95550,1.55203,0.85225,1.07499,0.26836,0.37396,1.35613,0.07465,1.37511,0.27674,1.57736,0.16000,1.55000,0.69416,0.00000
1.61667,1.57434,1.00000,0.297465,0.16000,0.95000,0.10124,1.05469,0.63358,0.52072,1.55000,0.95504,1.55167,0.85204,1.07262,0.26979,0.37416,1.35625,0.07731,1.31351,0.27674,1.57736,0.16000,1.55000,0.67845,0.00000
1.62500,1.58268,1.00000,0.261371,0.16000,0.95000,0.12691,0.99596,0.68032,0.48386,1.55000,0.95459,1.55118,0.85176,1.07034,0.27099,0.37434,1.35636,0.09258,1.25361,0.27674,1.57736,0.16000,1.55000,0.66252,0.00000
1.63333,1.59101,1.00000,0.220108,0.16000,0.95000,0.16607,0.94261,0.74301,0.45717,1.55000,0.95412,1.55095,0.85159,1.06833,0.27229,0.37448,1.35645,0.11963,1.19835,0.27674,1.57736,0.16000,1.55000,0.64645,0.00000
1.64167,1.59934,1.00000,0.176186,0.16000,0.95000,0.21699,0.89725,0.81898,0.44324,1.55000,0.95366,1.55051,0.85135,1.06590,0.27372,0.37460,1.35653,0.15699,1.15015,0.27674,1.57736,0.16000,1.55000,0.63031,0.00000
1.65000,1.60768,1.00000,0.136203,0.16000,0.95000,0.27747,0.86201,0.90521,0.44432,1.55000,0.95318,1.55001,0.85111,1.06341,0.27516,0.37469,1.35658,0.20265,1.11092,0.27674,1.57736,0.16000,1.55000,0.61414,0.00000
1.65833,1.61601,1.00000,0.103735,0.16000,0.95000,0.34554,0.83853,0.99959,0.46339,1.55000,0.95271,1.54948,0.85087,1.06067,0.27679,0.37477,1.35663,0.25438,1.08195,0.27674,1.57736,0.16000,1.55000,0.59802,0.00000
1.66667,1.62434,1.00000,0.086083,0.16000,0.95000,0.43298,0.83520,1.13200,0.55256,1.55000,0.95223,1.54915,0.85062,1.05859,0.27804,0.37481,1.35666,0.30954,1.06394,0.27674,1.57736,0.16000,1.55000,0.58200,0.00000
1.67500,1.63268,1.00000,0.087740,0.16000,0.95000,0.52334,0.85012,1.25780,0.67958,1.55000,0.95174,1.54885,0.85042,1.05653,0.27935,0.37482,1.35667,0.36584,1.05689,0.27674,1.57736,0.16000,1.55000,0.56613,0.00000
1.68333,1.64101,1.00000,0.118982,0.16000,0.96500,0.57466,0.90719,1.32331,0.81749,1.55000,0.95126,1.54825,0.85017,1.05375,0.28099,0.32891,1.38802,0.39562,1.09562,0.22965,1.59814,0.16000,1.55000,0.55046,0.00000
1.69167,1.64934,1.00000,0.136661,0.16000,0.96498,0.64014,0.93497,1.39409,0.92659,1.55000,0.95077,1.54775,0.84991,1.05128,0.28244,0.32800,1.38045,0.44180,1.10297,0.24011,1.59557,0.16000,1.55000,0.53504,0.00000
1.70000,1.65768,1.00000,0.213635,0.16000,0.96495,0.71056,0.99212,1.45648,1.10219,1.55000,0.95027,1.54736,0.84971,1.04893,0.28395,0.32806,1.38043,0.48831,1.12691,0.24009,1.59556,0.16000,1.55000,0.51991,0.00000
1.70833,1.66601,1.00000,0.301310,0.16000,0.96490,0.76902,1.05826,1.48910,1.28184,1.55000,0.94978,1.54686,0.84945,1.04649,0.28542,0.32821,1.38031,0.52867,1.15723,0.24024,1.59549,0.16000,1.55000,0.50512,0.00000
1.71667,1.67434,1.00000,0.372695,0.16000,0.96484,0.81479,1.13105,1.49290,1.46073,1.55000,0.94928,1.54630,0.84923,1.04377,0.28712,0.32834,1.38030,0.56227,1.19262,0.24016,1.59546,0.16000,1.55000,0.49070,0.00000
1.72500,1.68268,1.00000,0.427050,0.16000,0.96476,0.84757,1.20765,1.46963,1.63373,1.55000,0.94879,1.54601,0.84902,1.04176,0.28845,0.32840,1.38024,0.58872,1.23130,0.24006,1.59541,0.16000,1.55000,0.47669,0.00000
1.73333,1.69101,1.00000,1.077550,0.16000,0.96467,0.25027,1.93118,-0.36234,2.37076,1.55000,0.94829,1.54541,0.84881,1.03880,0.29038,0.32866,1.38012,0.31626,1.67978,0.24016,1.59533,0.16000,1.55000,0.30115,0.00000
1.74167,1.69934,1.00000,1.058795,0.16000,0.96457,0.29530,1.93483,-0.28515,2.41607,1.55000,0.94779,1.54482,0.84856,1.03607,0.29207,0.32887,1.37989,0.34360,1.67944,0.24040,1.59521,0.16000,1.55000,0.30716,0.00000
1.75000,1.70768,1.00000,1.023997,0.16000,0.96446,0.37085,1.93303,-0.14864,2.47952,1.55000,0.94729,1.54447,0.84833,1.03401,0.29341,0.32919,1.37975,0.38862,1.67372,0.24054,1.59511,0.16000,1.55000,0.31774,0.00000
1.75833,1.71601,1.00000,0.970059,0.16000,0.96434,0.47171,1.91416,0.04778,2.53769,1.55000,0.94679,1.54419,0.84812,1.03203,0.29477,0.32962,1.37948,0.44717,1.65540,0.24091,1.59494,0.16000,1.55000,0.33231,0.00000
1.76667,1.72434,1.00000,0.896571,0.16000,0.96420,0.58726,1.86654,0.29605,2.56204,1.55000,0.94630,1.54370,0.84790,1.02943,0.29652,0.32986,1.37933,0.51165,1.61786,0.24092,1.59484,0.16000,1.55000,0.35030,0.00000
1.77500,1.73268,1.00000,0.803141,0.16000,0.96405,0.70369,1.78034,0.58164,2.52439,1.55000,0.94580,1.54315,0.84770,1.02676,0.29829,0.33030,1.37907,0.57250,1.55595,0.24124,1.59468,0.16000,1.55000,0.37117,0.00000
1.78333,1.74101,1.00000,0.694108,0.16000,0.96389,0.80114,1.65286,0.87534,2.40319,1.55000,0.94530,1.54275,0.84749,1.02448,0.29987,0.33072,1.37885,0.61645,1.46996,0.24146,1.59452,0.16000,1.55000,0.39442,0.00000
1.79167,1.74934,1.00000,0.579453,0.16000,0.96372,0.85923,1.49014,1.14029,2.18979,1.55000,0.94481,1.54221,0.84729,1.02184,0.30166,0.33112,1.37861,0.63077,1.36618,0.24163,1.59435,0.16000,1.55000,0.41956,0.00000
1.80000,1.75768,1.00000,0.479597,0.16000,0.96355,0.86109,1.30825,1.33697,1.89310,1.55000,0.94432,1.54183,0.84704,1.01979,0.30300,0.33161,1.37832,0.60615,1.25760,0.24196,1.59417,0.16000,1.55000,0.44614,0.00000
1.80833,1.76601,1.00000,0.403940,0.16000,0.96336,0.79829,1.13173,1.43157,1.54095,1.55000,0.94383,1.54156,0.84687,1.01764,0.30464,0.33197,1.37820,0.54017,1.16233,0.24187,1.59404,0.16000,1.55000,0.47375,0.00000
1.81667,1.77434,1.00000,0.261807,0.16000,0.96316,0.67468,0.98684,1.40509,1.17395,1.55000,0.94334,1.54101,0.84663,1.01522,0.30621,0.33256,1.37791,0.43961,1.09776,0.24223,1.59383,0.16000,1.55000,0.50199,0.00000
1.82500,1.78268,1.00000,0.145190,0.16000,0.96295,0.50593,0.89702,1.25762,0.83808,1.55000,0.94285,1.54047,0.84645,1.01262,0.30805,0.33314,1.37755,0.31932,1.07796,0.24269,1.59359,0.16000,1.55000,0.53049,0.00000
1.83333,1.79101,1.00000,0.120650,0.16000,0.96274,0.31837,0.87683,1.01034,0.57735,1.55000,0.94237,1.54009,0.84626,1.01038,0.30968,0.33362,1.37725,0.20050,1.10849,0.24293,1.59338,0.16000,1.55000,0.55893,0.00000
1.84167,1.79934,1.00000,0.192825,0.16000,0.96252,0.14080,0.92714,0.69888,0.42013,1.55000,0.94190,1.53966,0.84607,1.00810,0.31132,0.33413,1.37692,0.10411,1.18446,0.24322,1.59317,0.16000,1.55000,0.58698,0.00000
1.85000,1.80768,1.00000,0.377868,0.16000,0.96229,-0.00023,1.03626,0.36710,0.37779,1.55000,0.94142,1.53937,0.84588,1.00618,0.31277,0.33472,1.37657,0.04702,1.29185,0.24359,1.59292,0.16000,1.55000,0.61438,0.00000
1.85833,1.81601,1.00000,0.563090,0.16000,0.96205,-0.08744,1.18322,0.05566,0.44292,1.55000,0.94095,1.53905,0.84569,1.00422,0.31422,0.33522,1.37632,0.03734,1.41123,0.24373,1.59272,0.16000,1.55000,0.64087,0.00000
1.86667,1.82434,1.00000,0.727300,0.16000,0.96181,-0.11414,1.34293,-0.20273,0.59415,1.55000,0.94049,1.53862,0.84552,1.00196,0.31589,0.33576,1.37580,0.07403,1.52225,0.24434,1.59243,0.16000,1.55000,0.66624,0.00000
1.87500,1.83268,1.00000,0.864959,0.16000,0.96156,-0.08498,1.49223,-0.38898,0.80223,1.55000,0.94003,1.53804,0.84532,0.99935,0.31776,0.33617,1.37549,0.14745,1.60858,0.24451,1.59221,0.16000,1.55000,0.69029,0.00000
1.88333,1.84101,1.00000,0.963598,0.16000,0.96130,-0.01163,1.61402,-0.49755,1.03748,1.55000,0.93958,1.53781,0.84514,0.99771,0.31902,0.33689,1.37503,0.24415,1.66025,0.24517,1.59192,0.16000,1.55000,0.71285,0.00000
1.89167,1.84934,1.00000,1.005907,0.16000,0.96104,0.08890,1.69859,-0.53417,1.27397,1.55000,0.93913,1.53737,0.84499,0.99546,0.32075,0.33731,1.37459,0.34769,1.67433,0.24550,1.59165,0.16000,1.55000,0.73380,0.00000
1.90000,1.85768,1.00000,0.994828,0.16000,0.96078,0.20081,1.74355,-0.50980,1.49149,1.55000,0.93869,1.53708,0.84479,0.99356,0.32221,0.33780,1.37409,0.44491,1.65423,0.24600,1.59137,0.16000,1.55000,0.75302,0.00000
1.90833,1.86601,1.00000,0.964129,0.16000,0.96051,0.31082,1.75301,-0.43961,1.67972,1.55000,0.93826,1.53686,0.84463,0.99194,0.32351,0.33839,1.37361,0.52618,1.60746,0.24658,1.59107,0.16000,1.55000,0.77044,0.00000
1.91667,1.87434,1.00000,0.921324,0.16000,0.96023,0.40906,1.73386,-0.33846,1.83252,1.55000,0.93783,1.53642,0.84445,0.98990,0.32500,0.33890,1.37309,0.58584,1.54330,0.24714,1.59077,0.16000,1.55000,0.78601,0.00000
1.92500,1.88268,1.00000,0.872881,0.16000,0.95995,0.49020,1.69475,-0.21941,1.94963,1.55000,0.93741,1.53616,0.84431,0.98805,0.32654,0.33929,1.37253,0.62257,1.47104,0.24767,1.59047,0.16000,1.55000,0.79972,0.00000
1.93333,1.89101,1.00000,0.823289,0.16000,0.95967,0.55321,1.64360,-0.09185,2.03400,1.55000,0.93700,1.53594,0.84417,0.98645,0.32788,0.33986,1.37195,0.63863,1.39811,0.24839,1.59014,0.16000,1.55000,0.81156,0.00000
1.94167,1.89934,1.00000,0.775885,0.16000,0.95939,0.59884,1.58737,0.03691,2.09012,1.55000,0.93659,1.53568,0.84401,0.98480,0.32919,0.34040,1.37142,0.63749,1.33033,0.24901,1.58982,0.16000,1.55000,0.82157,0.00000
1.95000,1.90768,1.00000,0.732592,0.16000,0.95910,0.62931,1.53070,0.16138,2.12194,1.55000,0.93620,1.53545,0.84383,0.98339,0.33028,0.34074,1.37072,0.62354,1.27084,0.24979,1.58947,0.16000,1.55000,0.82983,0.00000
1.95833,1.91601,1.00000,0.694338,0.16000,0.95881,0.64783,1.47767,0.27775,2.13461,1.55000,0.93581,1.53510,0.84374,0.98127,0.33210,0.34098,1.37024,0.60164,1.22188,0.25012,1.58920,0.16000,1.55000,0.83642,0.00000
1.96667,1.92434,1.00000,0.660803,0.16000,0.95852,0.65817,1.42884,0.38633,2.13214,1.55000,0.93543,1.53483,0.84355,0.97982,0.33318,0.34142,1.36960,0.57570,1.18234,0.25091,1.58886,0.16000,1.55000,0.84148,0.00000
1.97500,1.93268,1.00000,0.631950,0.16000,0.95823,0.66279,1.38585,0.48470,2.11852,1.55000,0.93506,1.53461,0.84346,0.97824,0.33458,0.34177,1.36901,0.54897,1.15216,0.25153,1.58853,0.16000,1.55000,0.84515,0.00000
1.98333,1.94101,1.00000,0.606888,0.16000,0.95793,0.66431,1.34828,0.57381,2.09683,1.55000,0.93470,1.53429,0.84333,0.97655,0.33595,0.34235,1.36849,0.52374,1.12963,0.25213,1.58815,0.16000,1.55000,0.84761,0.00000
1.99167,1.94934,1.00000,0.585464,0.16000,0.95764,0.66372,1.31564,0.65281,2.06956,1.55000,0.93436,1.53412,0.84316,0.97541,0.33685,0.34266,1.36788,0.50084,1.11306,0.25279,1.58782,0.16000,1.55000,0.84907,0.00000
2.00000,1.95768,1.00000,0.566274,0.16000,0.95734,0.66264,1.28681,0.72395,2.03832,1.55000,0.93402,1.53390,0.84305,0.97402,0.33802,0.34323,1.36711,0.48112,1.10076,0.25390,1.58742,0.16000,1.55000,0.84977,0.00000
2.00833,1.96601,1.00000,0.549367,0.16000,0.95705,0.66119,1.26164,0.78733,2.00502,1.55000,0.93369,1.53375,0.84294,0.97272,0.33921,0.34348,1.36654,0.46424,1.09200,0.25448,1.58711,0.16000,1.55000,0.84999,0.00000
2.01667,1.97434,1.00000,0.515120,0.16000,0.95000,0.66743,1.20995,0.88361,1.93230,1.55000,0.93338,1.53358,0.84281,0.97158,0.34015,0.36033,1.35153,0.45120,1.06570,0.27504,1.57755,0.16000,1.55000,0.85000,0.00000
2.02500,1.98268,1.00000,0.491593,0.16000,0.94999,0.66717,1.17661,0.97121,1.86660,1.55000,0.93307,1.53336,0.84272,0.97021,0.34136,0.36167,1.35116,0.43472,1.06027,0.27698,1.57731,0.16000,1.55000,0.85000,0.00000
2.03333,1.99101,1.00000,0.480616,0.16000,0.94997,0.66364,1.15969,1.00993,1.82946,1.55000,0.93278,1.53310,0.84262,0.96880,0.34255,0.36110,1.35117,0.42441,1.05800,0.27669,1.57734,0.16000,1.55000,0.85000,0.00000
2.04167,1.99934,1.00000,0.471222,0.16000,0.94994,0.65981,1.14468,1.04205,1.79461,1.55000,0.93250,1.53293,0.84252,0.96767,0.34353,0.36067,1.35105,0.41541,1.05616,0.27674,1.57731,0.16000,1.55000,0.85000,0.00000
2.05000,2.00768,1.00000,0.464620,0.16000,0.94990,0.65478,1.13268,1.06457,1.76560,1.55000,0.93224,1.53297,0.84239,0.96714,0.34406,0.36011,1.35101,0.40680,1.05474,0.27650,1.57731,0.16000,1.55000,0.85000,0.00000
2.05833,2.01601,1.00000,0.459497,0.16000,0.94984,0.64971,1.12347,1.07992,1.74269,1.55000,0.93198,1.53275,0.84236,0.96577,0.34533,0.35992,1.35098,0.39933,1.05365,0.27645,1.57727,0.16000,1.55000,0.85000,0.00000
2.06667,2.02434,1.00000,0.457092,0.16000,0.94978,0.64394,1.11737,1.08734,1.72722,1.55000,0.93174,1.53261,0.84224,0.96506,0.34586,0.35967,1.35111,0.39211,1.05294,0.27598,1.57730,0.16000,1.55000,0.85000,0.00000
2.07500,2.03268,1.00000,0.456286,0.16000,0.94971,0.63772,1.11373,1.08834,1.71826,1.55000,0.93152,1.53245,0.84219,0.96395,0.34689,0.35968,1.35115,0.38514,1.05230,0.27584,1.57726,0.16000,1.55000,0.85000,0.00000
2.08333,2.04101,1.00000,0.458147,0.16000,0.94963,0.63072,1.11299,1.08227,1.71683,1.55000,0.93130,1.53266,0.84210,0.96378,0.34724,0.35970,1.35132,0.37805,1.05195,0.27537,1.57727,0.16000,1.55000,0.85000,0.00000
2.09167,2.04934,1.00000,0.461548,0.16000,0.94954,0.62312,1.11458,1.07025,1.72170,1.55000,0.93111,1.53241,0.84198,0.96296,0.34778,0.35991,1.35143,0.37090,1.05170,0.27513,1.57723,0.16000,1.55000,0.85000,0.00000
2.10000,2.05768,1.00000,0.466887,0.16000,0.94944,0.61486,1.11884,1.05168,1.73342,1.55000,0.93092,1.53235,0.84196,0.96214,0.34863,0.36010,1.35162,0.36374,1.05171,0.27471,1.57722,0.16000,1.55000,0.85000,0.00000
2.10833,2.06601,1.00000,0.474025,0.16000,0.94934,0.60594,1.12503,1.02779,1.74998,1.55000,0.93076,1.53230,0.84190,0.96172,0.34901,0.36047,1.35176,0.35651,1.05186,0.27447,1.57716,0.16000,1.55000,0.85000,0.00000
2.11667,2.07434,1.00000,0.483241,0.16000,0.94922,0.59628,1.13407,0.99631,1.77321,1.55000,0.93061,1.53223,0.84185,0.96108,0.34962,0.36061,1.35205,0.34953,1.05233,0.27381,1.57717,0.16000,1.55000,0.85000,0.00000
2.12500,2.08268,1.00000,0.494675,0.16000,0.94910,0.58598,1.14547,0.95744,1.80163,1.55000,0.93047,1.53237,0.84179,0.96103,0.34978,0.36094,1.35233,0.34308,1.05294,0.27328,1.57715,0.16000,1.55000,0.85000,0.00000
2.13333,2.09101,1.00000,0.505538,0.16000,0.94897,0.57671,1.15690,0.91811,1.82918,1.55000,0.93035,1.53229,0.84179,0.96038,0.35043,0.36138,1.35249,0.33825,1.05346,0.27304,1.57706,0.16000,1.55000,0.85000,0.00000
2.14167,2.09934,1.00000,0.514926,0.16000,0.94883,0.56976,1.16689,0.88407,1.85225,1.55000,0.93025,1.53231,0.84173,0.96022,0.35059,0.36161,1.35282,0.33561,1.05403,0.27243,1.57705,0.16000,1.55000,0.85000,0.00000
2.15000,2.10768,1.00000,0.522042,0.16000,0.94868,0.56519,1.17521,0.85592,1.87091,1.55000,0.93016,1.53206,0.84173,0.95940,0.35125,0.36183,1.35315,0.33503,1.05443,0.27177,1.57703,0.16000,1.55000,0.85000,0.00000
2.15833,2.11601,1.00000,0.528104,0.16000,0.94853,0.56250,1.18221,0.83256,1.88619,1.55000,0.93010,1.53218,0.84169,0.95952,0.35121,0.36212,1.35347,0.33600,1.05468,0.27124,1.57697,0.16000,1.55000,0.85000,0.00000
2.16667,2.12434,1.00000,0.533246,0.16000,0.94837,0.56182,1.18878,0.81152,1.90023,1.55000,0.93005,1.53235,0.84167,0.95970,0.35119,0.36233,1.35381,0.33908,1.05479,0.27063,1.57693,0.16000,1.55000,0.85000,0.00000
2.17500,2.13268,1.00000,0.538328,0.16000,0.94820,0.56384,1.19660,0.78773,1.91659,1.55000,0.93001,1.53238,0.84168,0.95953,0.35142,0.36267,1.35413,0.34608,1.05467,0.27016,1.57685,0.16000,1.55000,0.85000,0.00000
2.18333,2.14101,1.00000,0.546788,0.16000,0.94803,0.57300,1.21182,0.74444,1.94607,1.55000,0.93000,1.53238,0.84166,0.95953,0.35140,0.36284,1.35447,0.36603,1.05457,0.26955,1.57680,0.16000,1.55000,0.85000,0.00000
2.19167,2.14934,1.00000,0.564128,0.16000,0.94785,0.59045,1.24287,0.65806,1.99383,1.55000,0.93000,1.53260,0.84168,0.95994,0.35120,0.36283,1.35494,0.40738,1.05835,0.26865,1.57679,0.16000,1.55000,0.85000,0.00000
2.20000,2.15768,1.00000,0.585087,0.16000,0.94767,0.60487,1.27876,0.55867,2.03134,1.55000,0.93000,1.53260,0.84168,0.95994,0.35120,0.36298,1.35529,0.45166,1.06878,0.26804,1.57672,0.16000,1.55000,0.85000,0.00000
2.20833,2.16601,1.00000,0.608457,0.16000,0.94748,0.61371,1.31633,0.45503,2.05345,1.55000,0.93000,1.53282,0.84169,0.96035,0.35099,0.36307,1.35568,0.49377,1.08574,0.26732,1.57666,0.16000,1.55000,0.85000,0.00000
2.21667,2.17434,1.00000,0.633385,0.16000,0.94728,0.61687,1.35475,0.34932,2.05968,1.55000,0.93000,1.53282,0.84169,0.96035,0.35099,0.36316,1.35601,0.53291,1.10876,0.26677,1.57657,0.16000,1.55000,0.85000,0.00000
2.22500,2.18268,1.00000,0.659557,0.16000,0.94708,0.61418,1.39325,0.24381,2.05001,1.55000,0.93000,1.53282,0.84169,0.96035,0.35099,0.36316,1.35640,0.56810,1.13744,0.26604,1.57650,0.16000,1.55000,0.85000,0.00000
2.23333,2.19101,1.00000,0.686438,0.16000,0.94688,0.60559,1.43099,0.14081,2.02470,1.55000,0.93000,1.53283,0.84169,0.96036,0.35099,0.36295,1.35687,0.59845,1.17116,0.26501,1.57648,0.16000,1.55000,0.85000,0.00000
2.24167,2.19934,1.00000,0.713508,0.16000,0.94667,0.59165,1.46749,0.04220,1.98384,1.55000,0.93000,1.53283,0.84169,0.96036,0.35099,0.36294,1.35723,0.62399,1.20959,0.26435,1.57639,0.16000,1.55000,0.84982,0.00000
2.25000,2.20768,1.00000,0.742779,0.16000,0.94645,0.57044,1.50538,-0.05696,1.92357,1.55000,0.93000,1.53283,0.84169,0.96036,0.35099,0.36277,1.35767,0.64507,1.25640,0.26344,1.57633,0.16000,1.55000,0.84841,0.00000
2.25833,2.21601,1.00000,0.773518,0.16000,0.94623,0.54070,1.54293,-0.15163,1.84159,1.55000,0.93000,1.53305,0.84170,0.96077,0.35078,0.36257,1.35804,0.65884,1.31140,0.26265,1.57626,0.16000,1.55000,0.84567,0.00000
2.26667,2.22434,1.00000,0.803762,0.16000,0.94601,0.50175,1.57726,-0.23498,1.73767,1.55000,0.93000,1.53305,0.84170,0.96077,0.35078,0.36252,1.35832,0.66209,1.37268,0.26209,1.57614,0.16000,1.55000,0.84167,0.00000
2.27500,2.23268,1.00000,0.832143,0.16000,0.94578,0.45298,1.60564,-0.30098,1.61345,1.55000,0.93000,1.53305,0.84170,0.96077,0.35078,0.36211,1.35881,0.65144,1.43779,0.26094,1.57610,0.16000,1.55000,0.83651,0.00000
2.28333,2.24101,1.00000,0.856174,0.16000,0.94555,0.39600,1.62422,-0.34247,1.47202,1.55000,0.93000,1.53327,0.84172,0.96117,0.35058,0.36201,1.35907,0.62554,1.50226,0.26038,1.57597,0.16000,1.55000,0.83025,0.00000
2.29167,2.24934,1.00000,0.873571,0.16000,0.94532,0.33220,1.63018,-0.35451,1.31882,1.55000,0.93000,1.53327,0.84172,0.96117,0.35058,0.36160,1.35951,0.58298,1.56185,0.25935,1.57592,0.16000,1.55000,0.82299,0.00000
2.30000,2.25768,1.00000,0.892493,0.16000,0.94508,0.26728,1.64334,-0.36880,1.23848,1.55000,0.93000,1.53327,0.84172,0.96117,0.35058,0.36124,1.35984,0.52518,1.61097,0.25849,1.57583,0.16000,1.55000,0.81478,0.00000
2.30833,2.26601,1.00000,0.921817,0.16000,0.94485,0.19558,1.66508,-0.42054,1.23044,1.55000,0.93000,1.53327,0.84172,0.96117,0.35058,0.36097,1.36013,0.45473,1.64501,0.25775,1.57572,0.16000,1.55000,0.80571,0.00000
2.31667,2.27434,1.00000,0.943979,0.16000,0.94461,0.11565,1.66517,-0.47446,1.19582,1.55000,0.93000,1.53349,0.84173,0.96158,0.35037,0.36046,1.36049,0.37553,1.66003,0.25676,1.57565,0.16000,1.55000,0.79585,0.00000
2.32500,2.28268,1.00000,0.955817,0.16000,0.94436,0.03419,1.64087,-0.52292,1.13279,1.55000,0.93000,1.53349,0.84173,0.96158,0.35037,0.36008,1.36076,0.29382,1.65327,0.25596,1.57554,0.16000,1.55000,0.78527,0.00000
2.33333,2.29101,1.00000,0.956243,0.16000,0.94412,-0.04220,1.59217,-0.55916,1.04330,1.55000,0.93000,1.53349,0.84173,0.96158,0.35037,0.35955,1.36104,0.21575,1.62423,0.25508,1.57545,0.16000,1.55000,0.77403,0.00000
2.34167,2.29934,1.00000,0.943387,0.16000,0.94387,-0.10609,1.52077,-0.57451,0.92992,1.55000,0.93000,1.53349,0.84173,0.96158,0.35037,0.35903,1.36135,0.14819,1.57465,0.25410,1.57536,0.16000,1.55000,0.76220,0.00000
2.35000,2.30768,1.00000,0.915607,0.16000,0.94362,-0.14065,1.44795,-0.55181,0.81592,1.55000,0.93000,1.53349,0.84173,0.96158,0.35037,0.35868,1.36151,0.10748,1.52535,0.25353,1.57521,0.16000,1.55000,0.74984,0.00000
2.35833,2.31601,1.00000,0.877117,0.16000,0.94338,-0.15759,1.37538,-0.50276,0.70503,1.55000,0.93000,1.53350,0.84172,0.96159,0.35037,0.35814,1.36173,0.08146,1.47746,0.25266,1.57511,0.16000,1.55000,0.73702,0.00000
2.36667,2.32434,1.00000,0.826528,0.16000,0.94313,-0.16147,1.29787,-0.42903,0.59294,1.55000,0.93000,1.53350,0.84172,0.96159,0.35037,0.35752,1.36195,0.06457,1.42621,0.25178,1.57500,0.16000,1.55000,0.72380,0.00000
2.37500,2.33268,1.00000,0.763247,0.16000,0.94288,-0.15127,1.21811,-0.32996,0.48560,1.55000,0.93000,1.53350,0.84172,0.96159,0.35037,0.35695,1.36215,0.05724,1.37331,0.25090,1.57490,0.16000,1.55000,0.71023,0.00000
2.38333,2.34101,1.00000,0.688440,0.16000,0.94263,-0.12703,1.13918,-0.20810,0.38955,1.55000,0.93000,1.53350,0.84172,0.96159,0.35037,0.35629,1.36234,0.05933,1.32039,0.25002,1.57479,0.16000,1.55000,0.69636,0.00000
2.39167,2.34934,1.00000,0.604968,0.16000,0.94238,-0.08893,1.06385,-0.06607,0.31020,1.55000,0.93000,1.53350,0.84172,0.96159,0.35037,0.35567,1.36250,0.07071,1.26897,0.24914,1.57468,0.16000,1.55000,0.68227,0.00000
2.40000,2.35768,1.00000,0.514762,0.16000,0.94212,-0.03805,0.99491,0.09202,0.25221,1.55000,0.93000,1.53350,0.84172,0.96159,0.35037,0.35490,1.36268,0.09072,1.22069,0.24818,1.57458,0.16000,1.55000,0.66798,0.00000
2.40833,2.36601,1.00000,0.419014,0.16000,0.94187,0.02439,0.93481,0.26148,0.21906,1.55000,0.93000,1.53350,0.84172,0.96159,0.35037,0.35426,1.36276,0.11882,1.17698,0.24741,1.57446,0.16000,1.55000,0.65356,0.00000
2.41667,2.37434,1.00000,0.318601,0.16000,0.94163,0.09656,0.88554,0.43765,0.21310,1.55000,0.93000,1.53350,0.84172,0.96159,0.35037,0.35356,1.36283,0.15385,1.13907,0.24663,1.57434,0.16000,1.55000,0.63906,0.00000
2.42500,2.38268,1.00000,0.215052,0.16000,0.94138,0.17610,0.84891,0.61453,0.23547,1.55000,0.93000,1.53350,0.84172,0.96159,0.35037,0.35279,1.36296,0.19458,1.10818,0.24568,1.57424,0.16000,1.55000,0.62451,0.00000
2.43333,2.39101,1.00000,0.109908,0.16000,0.94113,0.26038,0.82592,0.78657,0.28587,1.55000,0.93000,1.53372,0.84174,0.96200,0.35016,0.35208,1.36296,0.23943,1.08500,0.24501,1.57410,0.16000,1.55000,0.60997,0.00000
2.44167,2.39934,1.00000,0.010783,0.16000,0.94088,0.34715,0.81717,0.94932,0.36340,1.55000,0.93000,1.53372,0.84174,0.96200,0.35016,0.35130,1.36301,0.28705,1.07005,0.24416,1.57400,0.16000,1.55000,0.59548,0.00000
2.45000,2.40768,1.00000,0.009215,0.16000,0.94064,0.43367,0.82266,1.09769,0.46547,1.55000,0.93000,1.53372,0.84174,0.96200,0.35016,0.35051,1.36306,0.33590,1.06350,0.24329,1.57387,0.16000,1.55000,0.58107,0.00000
2.45833,2.41601,1.00000,0.024298,0.16000,0.94040,0.51740,0.84189,1.22772,0.58899,1.55000,0.93000,1.53372,0.84174,0.96200,0.35016,0.34976,1.36313,0.38442,1.06522,0.24241,1.57375,0.16000,1.55000,0.56679,0.00000
2.46667,2.42434,1.00000,0.054731,0.16000,0.94015,0.59555,0.87330,1.33558,0.72878,1.55000,0.93000,1.53372,0.84174,0.96200,0.35016,0.34898,1.36291,0.43085,1.07439,0.24207,1.57362,0.16000,1.55000,0.55267,0.00000
2.47500,2.43268,1.00000,0.099646,0.16000,0.93992,0.66660,0.91610,1.41983,0.88202,1.55000,0.93000,1.53372,0.84174,0.96200,0.35016,0.34796,1.36287,0.47411,1.09077,0.24114,1.57356,0.16000,1.55000,0.53874,0.00000
2.48333,2.44101,1.00000,0.177605,0.16000,0.93968,0.72917,0.96816,1.47939,1.04353,1.55000,0.93000,1.53372,0.84174,0.96200,0.35016,0.34717,1.36274,0.51341,1.11311,0.24052,1.57342,0.16000,1.55000,0.52505,0.00000
2.49167,2.44934,1.00000,0.259613,0.16000,0.93945,0.78232,1.02809,1.51406,1.20992,1.55000,0.93000,1.53372,0.84174,0.96200,0.35016,0.34639,1.36271,0.54805,1.14072,0.23980,1.57329,0.16000,1.55000,0.51161,0.00000
2.50000,2.45768,1.00000,0.328483,0.16000,0.93922,0.82495,1.09335,1.52407,1.37575,1.55000,0.93000,1.53372,0.84174,0.96200,0.35016,0.34562,1.36263,0.57724,1.17209,0.23914,1.57316,0.16000,1.55000,0.49847,0.00000
2.50833,2.46601,1.00000,0.383673,0.16000,0.93899,0.85673,1.16208,1.51076,1.53726,1.55000,0.93000,1.53372,0.84174,0.96200,0.35016,0.34459,1.36254,0.60058,1.20628,0.23829,1.57308,0.16000,1.55000,0.48563,0.00000
2.51667,2.47434,1.00000,0.416157,0.16000,0.93877,0.87825,1.23229,1.47654,1.69116,1.55000,0.93000,1.53372,0.84174,0.96200,0.35016,0.34380,1.36240,0.61850,1.24201,0.23772,1.57295,0.16000,1.55000,0.47314,0.00000
2.52500,2.48268,1.00000,0.452289,0.16000,0.93855,0.88981,1.30247,1.42336,1.83523,1.55000,0.93000,1.53372,0.84174,0.96200,0.35016,0.34305,1.36221,0.63100,1.27834,0.23725,1.57282,0.16000,1.55000,0.46101,0.00000
2.53333,2.49101,1.00000,0.490988,0.16000,0.93834,0.89187,1.37076,1.35438,1.96625,1.55000,0.93000,1.53372,0.84174,0.96200,0.35016,0.34203,1.36200,0.63814,1.31435,0.23662,1.57272,0.16000,1.55000,0.44927,0.00000
2.54167,2.49934,1.00000,0.531149,0.16000,0.93813,0.88582,1.43609,1.27270,2.08327,1.55000,0.93000,1.53372,0.84174,0.96200,0.35016,0.34114,1.36187,0.64080,1.34932,0.23597,1.57262,0.16000,1.55000,0.43792,0.00000
2.55000,2.50768,1.00000,0.571946,0.16000,0.93792,0.87269,1.49764,1.18087,2.18579,1.55000,0.93000,1.53372,0.84174,0.96200,0.35016,0.34037,1.36168,0.63955,1.38270,0.23545,1.57250,0.16000,1.55000,0.42700,0.00000
2.55833,2.51601,1.00000,0.612499,0.16000,0.93772,0.85351,1.55438,1.08204,2.27291,1.55000,0.93000,1.53372,0.84174,0.96200,0.35016,0.33953,1.36145,0.63484,1.41385,0.23501,1.57238,0.16000,1.55000,0.41652,0.00000
2.56667,2.52434,1.00000,0.651606,0.16000,0.93752,0.82981,1.60561,0.98030,2.34444,1.55000,0.93000,1.53372,0.84174,0.96200,0.35016,0.33874,1.36111,0.62739,1.44254,0.23479,1.57225,0.16000,1.55000,0.40648,0.00000
2.57500,2.53268,1.00000,0.689433,0.16000,0.93733,0.80221,1.65236,0.87668,2.40267,1.55000,0.93000,1.53372,0.84174,0.96200,0.35016,0.33787,1.36095,0.61745,1.46952,0.23419,1.57216,0.16000,1.55000,0.39690,0.00000
2.58333,2.54101,1.00000,0.724719,0.16000,0.93715,0.77228,1.69348,0.77546,2.44747,1.55000,0.93000,1.53372,0.84174,0.96200,0.35016,0.33692,1.36079,0.60565,1.49398,0.23352,1.57208,0.16000,1.55000,0.38779,0.00000
2.59167,2.54934,1.00000,0.757296,0.16000,0.93697,0.74118,1.72923,0.67764,2.48055,1.55000,0.93000,1.53372,0.84174,0.96200,0.35016,0.33624,1.36051,0.59285,1.51578,0.23332,1.57195,0.16000,1.55000,0.37916,0.00000
2.60000,2.55768,1.00000,0.787158,0.16000,0.93680,0.70953,1.76004,0.58490,2.50367,1.55000,0.93000,1.53372,0.84174,0.96200,0.35016,0.33549,1.36026,0.57911,1.53519,0.23300,1.57185,0.16000,1.55000,0.37100,0.00000
2.60833,2.56601,1.00000,0.814630,0.16000,0.93663,0.67764,1.78654,0.49696,2.51858,1.55000,0.93000,1.53372,0.84174,0.96200,0.35016,0.33456,1.36006,0.56465,1.55245,0.23243,1.57177,0.16000,1.55000,0.36334,0.00000
2.61667,2.57434,1.00000,0.839231,0.16000,0.93647,0.64689,1.80873,0.41587,2.52647,1.55000,0.93000,1.53372,0.84174,0.96200,0.35016,0.33389,1.35982,0.55041,1.56736,0.23218,1.57166,0.16000,1.55000,0.35616,0.00000
2.62500,2.58268,1.00000,0.861070,0.16000,0.93632,0.61754,1.82711,0.34187,2.52891,1.55000,0.93000,1.53372,0.84174,0.96200,0.35016,0.33321,1.35957,0.53642,1.58016,0.23194,1.57156,0.16000,1.55000,0.34947,0.00000
2.63333,2.59101,1.00000,0.880489,0.16000,0.93617,0.58981,1.84225,0.27477,2.52729,1.55000,0.93000,1.53394,0.84175,0.96241,0.34996,0.33245,1.35934,0.52282,1.59110,0.23156,1.57148,0.16000,1.55000,0.34326,0.00000
2.64167,2.59934,1.00000,0.897386,0.16000,0.93603,0.56411,1.85458,0.21482,2.52280,1.55000,0.93000,1.53394,0.84175,0.96241,0.34996,0.33171,1.35912,0.50992,1.60036,0.23123,1.57140,0.16000,1.55000,0.33753,0.00000
2.65000,2.60768,1.00000,0.912068,0.16000,0.93590,0.54070,1.86459,0.16154,2.51632,1.55000,0.93000,1.53394,0.84175,0.96241,0.34996,0.33124,1.35893,0.49807,1.60817,0.23104,1.57131,0.16000,1.55000,0.33227,0.00000
2.65833,2.61601,1.00000,0.924620,0.16000,0.93578,0.51962,1.87249,0.11526,2.50890,1.55000,0.93000,1.53394,0.84175,0.96241,0.34996,0.33058,1.35873,0.48705,1.61461,0.23073,1.57123,0.16000,1.55000,0.32749,0.00000
2.66667,2.62434,1.00000,0.935236,0.16000,0.93566,0.50102,1.87871,0.07566,2.50128,1.55000,0.93000,1.53394,0.84175,0.96241,0.34996,0.32992,1.35853,0.47706,1.61988,0.23043,1.57117,0.16000,1.55000,0.32315,0.00000
2.67500,2.63268,1.00000,0.943794,0.16000,0.93556,0.48546,1.88335,0.04307,2.49393,1.55000,0.93000,1.53394,0.84175,0.96241,0.34996,0.32949,1.35827,0.46866,1.62396,0.23045,1.57107,0.16000,1.55000,0.31926,0.00000
2.68333,2.64101,1.00000,0.951175,0.16000,0.93546,0.47168,1.88718,0.01513,2.48725,1.55000,0.93000,1.53394,0.84175,0.96241,0.34996,0.32897,1.35814,0.46095,1.62747,0.23018,1.57102,0.16000,1.55000,0.31580,0.00000
2.69167,2.64934,1.00000,0.956911,0.16000,0.93537,0.46061,1.88998,-0.00645,2.48190,1.55000,0.93000,1.53394,0.84175,0.96241,0.34996,0.32840,1.35797,0.45446,1.63012,0.22995,1.57096,0.16000,1.55000,0.31275,0.00000
2.70000,2.65768,1.00000,0.961481,0.16000,0.93529,0.45170,1.89219,-0.02349,2.47761,1.55000,0.93000,1.53394,0.84175,0.96241,0.34996,0.32800,1.35789,0.44914,1.63226,0.22967,1.57092,0.16000,1.55000,0.31010,0.00000
2.70833,2.66601,1.00000,0.964538,0.16000,0.93522,0.44546,1.89350,-0.03487,2.47471,1.55000,0.93000,1.53394,0.84175,0.96241,0.34996,0.32764,1.35763,0.44519,1.63356,0.22979,1.57084,0.16000,1.55000,0.30783,0.00000
2.71667,2.67434,1.00000,0.966728,0.16000,0.93516,0.44102,1.89454,-0.04242,2.47316,1.55000,0.93000,1.53394,0.84175,0.96241,0.34996,0.32736,1.35752,0.44215,1.63461,0.22969,1.57080,0.16000,1.55000,0.30591,0.00000
2.72500,2.68268,1.00000,0.968211,0.16000,0.93510,0.43803,1.89538,-0.04652,2.47307,1.55000,0.93000,1.53394,0.84175,0.96241,0.34996,0.32688,1.35753,0.43966,1.63544,0.22924,1.57080,0.16000,1.55000,0.30431,0.00000
2.73333,2.69101,1.00000,0.968283,0.16000,0.93506,0.43769,1.89544,-0.04554,2.47425,1.55000,0.93000,1.53394,0.84175,0.96241,0.34996,0.32669,1.35729,0.43871,1.63551,0.22941,1.57074,0.16000,1.55000,0.30303,0.00000
2.74167,2.69934,1.00000,0.967946,0.16000,0.93503,0.43830,1.89551,-0.04225,2.47653,1.55000,0.93000,1.53394,0.84175,0.96241,0.34996,0.32643,1.35722,0.43814,1.63557,0.22931,1.57073,0.16000,1.55000,0.30202,0.00000
2.75000,2.70768,1.00000,0.966662,0.16000,0.93501,0.44075,1.89511,-0.03533,2.47980,1.55000,0.93000,1.53394,0.84175,0.96241,0.34996,0.32624,1.35709,0.43859,1.63518,0.22949,1.57078,0.16000,1.55000,0.30126,0.00000
2.75833,2.71601,1.00000,0.965283,0.16000,0.93500,0.44351,1.89483,-0.02740,2.48370,1.55000,0.93000,1.53394,0.84175,0.96241,0.34996,0.32596,1.35714,0.43905,1.63493,0.22919,1.57080,0.16000,1.55000,0.30071,0.00000
2.76667,2.72434,1.00000,0.962946,0.16000,0.93500,0.44806,1.89403,-0.01604,2.48828,1.55000,0.93000,1.53394,0.84175,0.96241,0.34996,0.32603,1.35702,0.44062,1.63420,0.22929,1.57070,0.16000,1.55000,0.30035,0.00000
2.77500,2.73268,1.00000,0.960460,0.16000,0.93500,0.45285,1.89316,-0.00392,2.49306,1.55000,0.93000,1.53394,0.84175,0.96241,0.34996,0.32594,1.35697,0.44222,1.63344,0.22929,1.57070,0.16000,1.55000,0.30014,0.00000
2.78333,2.74101,1.00000,0.957786,0.16000,0.93500,0.45796,1.89219,0.00905,2.49800,1.55000,0.93000,1.53394,0.84175,0.96241,0.34996,0.32586,1.35692,0.44394,1.63263,0.22929,1.57070,0.16000,1.55000,0.30004,0.00000
2.79167,2.74934,1.00000,0.954970,0.16000,0.93500,0.46326,1.89111,0.02252,2.50289,1.55000,0.93000,1.53394,0.84175,0.96241,0.34996,0.32578,1.35688,0.44576,1.63176,0.22929,1.57070,0.16000,1.55000,0.30000,0.00000
2.80000,2.75768,1.00000,0.952108,0.16000,0.93500,0.46857,1.89002,0.03656,2.50799,1.55000,0.93000,1.53394,0.84175,0.96241,0.34996,0.32551,1.35689,0.44739,1.63095,0.22919,1.57080,0.16000,1.55000,0.30000,0.00000
2.80833,2.76601,1.00000,0.949305,0.16000,0.93501,0.47373,1.88887,0.04981,2.51242,1.55000,0.93000,1.53394,0.84175,0.96241,0.34996,0.32561,1.35680,0.44917,1.63009,0.22924,1.57071,0.16000,1.55000,0.30000,0.00000
2.81667,2.77434,1.00000,0.946599,0.16000,0.93502,0.47866,1.88778,0.06291,2.51680,1.55000,0.93000,1.53394,0.84175,0.96241,0.34996,0.32560,1.35676,0.45073,1.62934,0.22946,1.57079,0.16000,1.55000,0.30000,0.00000
2.82500,2.78268,1.00000,0.944454,0.16000,0.93504,0.48258,1.88700,0.07385,2.52061,1.55000,0.93000,1.53394,0.84175,0.96241,0.34996,0.32561,1.35679,0.45178,1.62889,0.22928,1.57074,0.16000,1.55000,0.30000,0.00000
2.83333,2.79101,1.00000,0.941973,0.16000,0.93507,0.48702,1.88596,0.08585,2.52438,1.55000,0.93000,1.53394,0.84175,0.96241,0.34996,0.32573,1.35672,0.45315,1.62823,0.22949,1.57074,0.16000,1.55000,0.30000,0.00000
2.84167,2.79934,1.00000,0.939981,0.16000,0.93511,0.49065,1.88531,0.09661,2.52816,1.55000,0.93000,1.53394,0.84175,0.96241,0.34996,0.32566,1.35686,0.45392,1.62798,0.22919,1.57082,0.16000,1.55000,0.30000,0.00000
2.85000,2.80768,1.00000,0.937664,0.16000,0.93516,0.49474,1.88429,0.10762,2.53133,1.55000,0.93000,1.53394,0.84175,0.96241,0.34996,0.32595,1.35674,0.45524,1.62737,0.22969,1.57080,0.16000,1.55000,0.30000,0.00000
2.85833,2.81601,1.00000,0.935683,0.16000,0.93521,0.49823,1.88353,0.11784,2.53454,1.55000,0.93000,1.53394,0.84175,0.96241,0.34996,0.32606,1.35675,0.45608,1.62703,0.22979,1.57084,0.16000,1.55000,0.30000,0.00000
2.86667,2.82434,1.00000,0.933898,0.16000,0.93527,0.50143,1.88291,0.12730,2.53754,1.55000,0.93000,1.53394,0.84175,0.96241,0.34996,0.32618,1.35684,0.45683,1.62682,0.22975,1.57089,0.16000,1.55000,0.30000,0.00000
2.87500,2.83268,1.00000,0.932153,0.16000,0.93533,0.50449,1.88224,0.13640,2.54029,1.55000,0.93000,1.53394,0.84175,0.96241,0.34996,0.32637,1.35685,0.45753,1.62658,0.22987,1.57094,0.16000,1.55000,0.30000,0.00000
2.88333,2.84101,1.00000,0.930528,0.16000,0.93541,0.50743,1.88172,0.14516,2.54299,1.55000,0.93000,1.53394,0.84175,0.96241,0.34996,0.32664,1.35695,0.45822,1.62648,0.22997,1.57100,0.16000,1.55000,0.30000,0.00000
2.89167,2.84934,1.00000,0.924801,0.16000,0.93549,0.51714,1.87855,0.16889,2.54731,1.55000,0.93000,1.53394,0.84175,0.96241,0.34996,0.32685,1.35693,0.46255,1.62441,0.23025,1.57103,0.16000,1.55000,0.30099,0.00000
2.90000,2.85768,1.00000,0.912034,0.16000,0.93557,0.53818,1.87071,0.21818,2.55344,1.55000,0.93000,1.53394,0.84175,0.96241,0.34996,0.32707,1.35704,0.47302,1.61907,0.23024,1.57111,0.16000,1.55000,0.30378,0.00000
2.90833,2.86601,1.00000,0.891612,0.16000,0.93567,0.56994,1.85667,0.29322,2.55806,1.55000,0.93000,1.53394,0.84175,0.96241,0.34996,0.32734,1.35708,0.48918,1.60959,0.23043,1.57117,0.16000,1.55000,0.30827,0.00000
2.91667,2.87434,1.00000,0.863561,0.16000,0.93577,0.61042,1.83515,0.39158,2.55670,1.55000,0.93000,1.53394,0.84175,0.96241,0.34996,0.32769,1.35719,0.50987,1.59545,0.23061,1.57124,0.16000,1.55000,0.31431,0.00000
2.92500,2.88268,1.00000,0.827456,0.16000,0.93587,0.65756,1.80397,0.51135,2.54366,1.55000,0.93000,1.53394,0.84175,0.96241,0.34996,0.32799,1.35718,0.53374,1.57542,0.23091,1.57130,0.16000,1.55000,0.32178,0.00000
2.93333,2.89101,1.00000,0.783932,0.16000,0.93598,0.70823,1.76192,0.64789,2.51350,1.55000,0.93000,1.53394,0.84175,0.96241,0.34996,0.32844,1.35724,0.55899,1.54909,0.23121,1.57135,0.16000,1.55000,0.33058,0.00000
2.94167,2.89934,1.00000,0.733792,0.16000,0.93610,0.75867,1.70795,0.79541,2.46106,1.55000,0.93000,1.53394,0.84175,0.96241,0.34996,0.32881,1.35738,0.58332,1.51607,0.23133,1.57144,0.16000,1.55000,0.34057,0.00000
2.95000,2.90768,1.00000,0.677073,0.16000,0.93622,0.80578,1.64038,0.94951,2.38056,1.55000,0.93000,1.53394,0.84175,0.96241,0.34996,0.32914,1.35742,0.60487,1.47546,0.23155,1.57152,0.16000,1.55000,0.35167,0.00000
2.95833,2.91601,1.00000,0.615880,0.16000,0.93635,0.84506,1.56012,1.10128,2.26926,1.55000,0.93000,1.53394,0.84175,0.96241,0.34996,0.32963,1.35745,0.62110,1.42818,0.23196,1.57158,0.16000,1.55000,0.36374,0.00000
2.96667,2.92434,1.00000,0.553069,0.16000,0.93648,0.87202,1.46863,1.24143,2.12594,1.55000,0.93000,1.53394,0.84175,0.96241,0.34996,0.33000,1.35754,0.62940,1.37533,0.23218,1.57167,0.16000,1.55000,0.37670,0.00000
2.97500,2.93268,1.00000,0.491359,0.16000,0.93661,0.88299,1.36805,1.36135,1.95089,1.55000,0.93000,1.53394,0.84175,0.96241,0.34996,0.33045,1.35763,0.62782,1.31849,0.23243,1.57176,0.16000,1.55000,0.39044,0.00000
2.98333,2.94101,1.00000,0.434219,0.16000,0.93676,0.87449,1.26251,1.45126,1.74815,1.55000,0.93000,1.53394,0.84175,0.96241,0.34996,0.33088,1.35776,0.61456,1.26039,0.23263,1.57185,0.16000,1.55000,0.40486,0.00000
2.99167,2.94934,1.00000,0.382935,0.16000,0.93690,0.84436,1.15627,1.50283,1.52360,1.55000,0.93000,1.53394,0.84175,0.96241,0.34996,0.33151,1.35774,0.58876,1.20352,0.23322,1.57191,0.16000,1.55000,0.41986,0.00000
3.00000,2.95768,1.00000,0.295922,0.16000,0.93705,0.79144,1.05575,1.50901,1.28729,1.55000,0.93000,1.53394,0.84175,0.96241,0.34996,0.33185,1.35789,0.55000,1.15206,0.23329,1.57203,0.16000,1.55000,0.43537,0.00000
3.00833,2.96601,1.00000,0.181825,0.16000,0.93721,0.71639,0.96574,1.46586,1.04823,1.55000,0.93000,1.53394,0.84175,0.96241,0.34996,0.33236,1.35783,0.49925,1.10863,0.23386,1.57209,0.16000,1.55000,0.45129,0.00000
3.01667,2.97434,1.00000,0.086151,0.16000,0.93737,0.62193,0.89291,1.37241,0.82012,1.55000,0.93000,1.53394,0.84175,0.96241,0.34996,0.33280,1.35787,0.43868,1.07725,0.23421,1.57219,0.16000,1.55000,0.46753,0.00000
3.02500,2.98268,1.00000,0.035771,0.16000,0.93753,0.51227,0.84203,1.23132,0.61511,1.55000,0.93000,1.53394,0.84175,0.96241,0.34996,0.33331,1.35791,0.37125,1.06039,0.23463,1.57228,0.16000,1.55000,0.48402,0.00000
3.03333,2.99101,1.00000,0.016099,0.16000,0.93770,0.39252,0.81685,1.04798,0.44417,1.55000,0.93000,1.53394,0.84175,0.96241,0.34996,0.33364,1.35801,0.30044,1.05993,0.23480,1.57240,0.16000,1.55000,0.50068,0.00000
3.04167,2.99934,1.00000,0.079327,0.16000,0.93787,0.26953,0.81943,0.83166,0.31691,1.55000,0.93000,1.53394,0.84175,0.96241,0.34996,0.33422,1.35798,0.23077,1.07646,0.23539,1.57247,0.16000,1.55000,0.51744,0.00000
3.05000,3.00768,1.00000,0.226406,0.16000,0.93805,0.15014,0.85031,0.59344,0.24038,1.55000,0.93000,1.53394,0.84175,0.96241,0.34996,0.33483,1.35800,0.16656,1.10972,0.23594,1.57255,0.16000,1.55000,0.53423,0.00000
3.05833,3.01601,1.00000,0.370896,0.16000,0.93823,0.04109,0.90782,0.34582,0.21814,1.55000,0.93000,1.53394,0.84175,0.96241,0.34996,0.33532,1.35798,0.11184,1.15795,0.23647,1.57264,0.16000,1.55000,0.55097,0.00000
3.06667,3.02434,1.00000,0.508846,0.16000,0.93841,-0.05101,0.98832,0.10314,0.25024,1.55000,0.93000,1.53394,0.84175,0.96241,0.34996,0.33569,1.35802,0.07036,1.21818,0.23675,1.57276,0.16000,1.55000,0.56761,0.00000
3.07500,3.03268,1.00000,0.638914,0.16000,0.93860,-0.12155,1.08714,-0.12362,0.33314,1.55000,0.93000,1.53394,0.84175,0.96241,0.34996,0.33618,1.35794,0.04479,1.28688,0.23738,1.57285,0.16000,1.55000,0.58410,0.00000
3.08333,3.04101,1.00000,0.759084,0.16000,0.93879,-0.16707,1.19826,-0.32384,0.46074,1.55000,0.93000,1.53394,0.84175,0.96241,0.34996,0.33665,1.35786,0.03673,1.35961,0.23800,1.57293,0.16000,1.55000,0.60036,0.00000
3.09167,3.04934,1.00000,0.860900,0.16000,0.93898,-0.18591,1.31469,-0.48833,0.62399,1.55000,0.93000,1.53394,0.84175,0.96241,0.34996,0.33699,1.35789,0.04626,1.43158,0.23829,1.57306,0.16000,1.55000,0.61635,0.00000
3.10000,3.05768,1.00000,0.939418,0.16000,0.93917,-0.17832,1.43018,-0.61204,0.81341,1.55000,0.93000,1.53394,0.84175,0.96241,0.34996,0.33733,1.35787,0.07246,1.49857,0.23873,1.57318,0.16000,1.55000,0.63202,0.00000
3.10833,3.06601,1.00000,0.992320,0.16000,0.93937,-0.14562,1.53884,-0.69154,1.01875,1.55000,0.93000,1.53394,0.84175,0.96241,0.34996,0.33797,1.35776,0.11369,1.55689,0.23950,1.57325,0.16000,1.55000,0.64733,0.00000
3.11667,3.07434,1.00000,1.021150,0.16000,0.93957,-0.09165,1.63519,-0.72699,1.22915,1.55000,0.93000,1.53394,0.84175,0.96241,0.34996,0.33834,1.35759,0.16633,1.60329,0.24020,1.57335,0.16000,1.55000,0.66223,0.00000
3.12500,3.08268,1.00000,1.037517,0.16000,0.93977,-0.02055,1.71530,-0.72045,1.43483,1.55000,0.93000,1.53394,0.84175,0.96241,0.34996,0.33861,1.35750,0.22695,1.63586,0.24077,1.57347,0.16000,1.55000,0.67668,0.00000
3.13333,3.09101,1.00000,1.043335,0.16000,0.93997,0.06302,1.77674,-0.67622,1.62827,1.55000,0.93000,1.53394,0.84175,0.96241,0.34996,0.33899,1.35739,0.29195,1.65361,0.24137,1.57357,0.16000,1.55000,0.69064,0.00000
3.14167,3.09934,1.00000,1.036122,0.16000,0.94017,0.15433,1.81851,-0.59952,1.80353,1.55000,0.93000,1.53394,0.84175,0.96241,0.34996,0.33947,1.35736,0.35778,1.65673,0.24191,1.57365,0.16000,1.55000,0.70410,0.00000
3.15000,3.10768,1.00000,1.016644,0.16000,0.94038,0.24839,1.84048,-0.49679,1.95546,1.55000,0.93000,1.53394,0.84175,0.96241,0.34996,0.33994,1.35732,0.42096,1.64609,0.24247,1.57374,0.16000,1.55000,0.71700,0.00000
3.15833,3.11601,1.00000,0.986918,0.16000,0.94059,0.34098,1.84364,-0.37458,2.08131,1.55000,0.93000,1.53394,0.84175,0.96241,0.34996,0.34025,1.35714,0.47871,1.62320,0.24316,1.57384,0.16000,1.55000,0.72935,0.00000
3.16667,3.12434,1.00000,0.949332,0.16000,0.94080,0.42848,1.83009,-0.23944,2.17996,1.55000,0.93000,1.53394,0.84175,0.96241,0.34996,0.34046,1.35698,0.52889,1.59033,0.24378,1.57397,0.16000,1.55000,0.74110,0.00000
3.17500,3.13268,1.00000,0.906066,0.16000,0.94101,0.50865,1.80241,-0.09642,2.25232,1.55000,0.93000,1.53394,0.84175,0.96241,0.34996,0.34085,1.35683,0.57037,1.54991,0.24451,1.57406,0.16000,1.55000,0.75224,0.00000
3.18333,3.14101,1.00000,0.859495,0.16000,0.94122,0.57907,1.76335,0.04842,2.29900,1.55000,0.93000,1.53394,0.84175,0.96241,0.34996,0.34120,1.35664,0.60219,1.50444,0.24528,1.57415,0.16000,1.55000,0.76276,0.00000
3.19167,3.14934,1.00000,0.811762,0.16000,0.94143,0.63852,1.71599,0.19034,2.32234,1.55000,0.93000,1.53394,0.84175,0.96241,0.34996,0.34139,1.35652,0.62419,1.45645,0.24581,1.57428,0.16000,1.55000,0.77264,0.00000
3.20000,3.15768,1.00000,0.763979,0.16000,0.94165,0.68744,1.66261,0.32773,2.32528,1.55000,0.93000,1.53394,0.84175,0.96241,0.34996,0.34171,1.35633,0.63723,1.40756,0.24658,1.57436,0.16000,1.55000,0.78188,0.00000
3.20833,3.16601,1.00000,0.717998,0.16000,0.94186,0.72551,1.60628,0.45664,2.31072,1.55000,0.93000,1.53394,0.84175,0.96241,0.34996,0.34210,1.35614,0.64200,1.36012,0.24746,1.57444,0.16000,1.55000,0.79048,0.00000
3.21667,3.17434,1.00000,0.674727,0.16000,0.94208,0.75331,1.54892,0.57551,2.28166,1.55000,0.93000,1.53394,0.84175,0.96241,0.34996,0.34225,1.35602,0.63940,1.31527,0.24799,1.57457,0.16000,1.55000,0.79842,0.00000
3.22500,3.18268,1.00000,0.634628,0.16000,0.94229,0.77227,1.49214,0.68378,2.24093,1.55000,0.93000,1.53394,0.84175,0.96241,0.34996,0.34259,1.35578,0.63112,1.27387,0.24887,1.57464,0.16000,1.55000,0.80573,0.00000
3.23333,3.19101,1.00000,0.598296,0.16000,0.94251,0.78337,1.43757,0.78084,2.19157,1.55000,0.93000,1.53394,0.84175,0.96241,0.34996,0.34286,1.35566,0.61824,1.23682,0.24952,1.57475,0.16000,1.55000,0.81239,0.00000
3.24167,3.19934,1.00000,0.565771,0.16000,0.94272,0.78788,1.38590,0.86646,2.13580,1.55000,0.93000,1.53394,0.84175,0.96241,0.34996,0.34318,1.35543,0.60212,1.20407,0.25039,1.57483,0.16000,1.55000,0.81842,0.00000
3.25000,3.20768,1.00000,0.537398,0.16000,0.94294,0.78692,1.33838,0.94061,2.07655,1.55000,0.93000,1.53394,0.84175,0.96241,0.34996,0.34325,1.35534,0.58379,1.17618,0.25085,1.57496,0.16000,1.55000,0.82383,0.00000
3.25833,3.21601,1.00000,0.512354,0.16000,0.94315,0.78230,1.29457,1.00540,2.01481,1.55000,0.93000,1.53394,0.84175,0.96241,0.34996,0.34364,1.35512,0.56468,1.15239,0.25178,1.57503,0.16000,1.55000,0.82864,0.00000
3.26667,3.22434,1.00000,0.490850,0.16000,0.94337,0.77454,1.25507,1.06049,1.95275,1.55000,0.93000,1.53394,0.84175,0.96241,0.34996,0.34381,1.35497,0.54520,1.13270,0.25242,1.57513,0.16000,1.55000,0.83286,0.00000
3.27500,3.23268,1.00000,0.472433,0.16000,0.94358,0.76494,1.21981,1.10712,1.89170,1.55000,0.93000,1.53394,0.84175,0.96241,0.34996,0.34404,1.35482,0.52635,1.11665,0.25311,1.57523,0.16000,1.55000,0.83653,0.00000
3.28333,3.24101,1.00000,0.456672,0.16000,0.94379,0.75422,1.18839,1.14638,1.83238,1.55000,0.93000,1.53394,0.84175,0.96241,0.34996,0.34429,1.35463,0.50848,1.10363,0.25391,1.57531,0.16000,1.55000,0.83967,0.00000
3.29167,3.24934,1.00000,0.443057,0.16000,0.94401,0.74335,1.16056,1.18018,1.77514,1.55000,0.93000,1.53394,0.84175,0.96241,0.34996,0.34453,1.35449,0.49222,1.09344,0.25466,1.57540,0.16000,1.55000,0.84230,0.00000
3.30000,3.25768,1.00000,0.431551,0.16000,0.94422,0.73236,1.13611,1.20786,1.72128,1.55000,0.93000,1.53394,0.84175,0.96241,0.34996,0.34479,1.35430,0.47744,1.08529,0.25546,1.57548,0.16000,1.55000,0.84446,0.00000
3.30833,3.26601,1.00000,0.421673,0.16000,0.94443,0.72194,1.11465,1.23114,1.67074,1.55000,0.93000,1.53394,0.84175,0.96241,0.34996,0.34506,1.35412,0.46445,1.07897,0.25626,1.57556,0.16000,1.55000,0.84619,0.00000
3.31667,3.27434,1.00000,0.413304,0.16000,0.94463,0.71229,1.09609,1.25040,1.62425,1.55000,0.93000,1.53394,0.84175,0.96241,0.34996,0.34526,1.35399,0.45327,1.07418,0.25689,1.57565,0.16000,1.55000,0.84753,0.00000
3.32500,3.28268,1.00000,0.406146,0.16000,0.94484,0.70362,1.08002,1.26643,1.58179,1.55000,0.93000,1.53394,0.84175,0.96241,0.34996,0.34546,1.35388,0.44385,1.07054,0.25751,1.57575,0.16000,1.55000,0.84852,0.00000
3.33333,3.29101,1.00000,0.399713,0.16000,0.94505,0.69610,1.06574,1.28048,1.54221,1.55000,0.93000,1.53394,0.84175,0.96241,0.34996,0.34574,1.35371,0.43617,1.06773,0.25836,1.57582,0.16000,1.55000,0.84921,0.00000
3.34167,3.29934,1.00000,0.393953,0.16000,0.94525,0.68946,1.05301,1.29272,1.50533,1.55000,0.93000,1.53394,0.84175,0.96241,0.34996,0.34599,1.35354,0.42982,1.06556,0.25910,1.57589,0.16000,1.55000,0.84964,0.00000
3.35000,3.30768,1.00000,0.388788,0.16000,0.94545,0.68393,1.04182,1.30343,1.47164,1.55000,0.93000,1.53394,0.84175,0.96241,0.34996,0.34631,1.35337,0.42492,1.06392,0.25990,1.57595,0.16000,1.55000,0.84988,0.00000
3.35833,3.31601,1.00000,0.384129,0.16000,0.94565,0.67902,1.03178,1.31283,1.44020,1.55000,0.93000,1.53394,0.84175,0.96241,0.34996,0.34653,1.35327,0.42091,1.06270,0.26057,1.57604,0.16000,1.55000,0.84998,0.00000
3.36667,3.32434,1.00000,0.379655,0.16000,0.94584,0.67475,1.02235,1.32154,1.40990,1.55000,0.93000,1.53394,0.84175,0.96241,0.34996,0.34687,1.35311,0.41780,1.06167,0.26137,1.57609,0.16000,1.55000,0.85000,0.00000
3.37500,3.33267,0.99987,0.380725,0.16000,0.94604,0.67042,1.01377,1.32851,1.38180,1.55000,0.96500,1.55780,0.85803,1.11676,0.24649,0.34707,1.35297,0.41476,1.06076,0.26209,1.57616,0.16000,1.55000,0.85000,0.00000
3.38333,3.34099,0.99734,0.371628,0.16000,0.94623,0.66607,1.00722,1.33218,1.36052,1.55000,0.96497,1.55907,0.85806,1.12133,0.24416,0.34730,1.35287,0.41151,1.05989,0.26265,1.57625,0.16000,1.55000,0.85000,0.00000
3.39167,3.34927,0.99167,0.367664,0.16000,0.94642,0.66151,1.00368,1.33111,1.35033,1.55000,0.96494,1.55895,0.85803,1.12097,0.24430,0.34767,1.35280,0.40749,1.05888,0.26326,1.57633,0.16000,1.55000,0.85000,0.00000
3.40000,3.35748,0.98317,0.370832,0.16000,0.94660,0.65669,1.00356,1.32469,1.35328,1.55000,0.96489,1.55882,0.85794,1.12060,0.24437,0.34836,1.35262,0.40242,1.05759,0.26416,1.57635,0.16000,1.55000,0.85000,0.00000
3.40833,3.36561,0.97229,0.382767,0.16000,0.94678,0.65108,1.00782,1.31127,1.37206,1.55000,0.96483,1.55885,0.85790,1.12040,0.24451,0.34900,1.35256,0.39569,1.05628,0.26477,1.57642,0.16000,1.55000,0.85000,0.00000
3.41667,3.37363,0.95958,0.402806,0.16000,0.94695,0.64506,1.01658,1.29051,1.40636,1.55000,0.96475,1.55871,0.85784,1.11979,0.24478,0.34983,1.35251,0.38797,1.05501,0.26544,1.57647,0.16000,1.55000,0.85000,0.00000
3.42500,3.38154,0.94565,0.429288,0.16000,0.94711,0.63801,1.02952,1.26128,1.45385,1.55000,0.96466,1.55831,0.85770,1.11845,0.24532,0.35066,1.35248,0.37921,1.05390,0.26605,1.57653,0.16000,1.55000,0.85000,0.00000
3.43333,3.38933,0.93112,0.461222,0.16000,0.94728,0.63046,1.04714,1.22208,1.51459,1.55000,0.96456,1.55827,0.85762,1.11817,0.24540,0.35156,1.35245,0.37059,1.05311,0.26666,1.57658,0.16000,1.55000,0.85000,0.00000
3.44167,3.39700,0.91658,0.495684,0.16000,0.94743,0.62220,1.06924,1.17113,1.58614,1.55000,0.96445,1.55801,0.85753,1.11721,0.24582,0.35236,1.35245,0.36278,1.05269,0.26713,1.57664,0.16000,1.55000,0.85000,0.00000
3.45000,3.40455,0.90257,0.514620,0.16000,0.94758,0.61379,1.09549,1.10701,1.66580,1.55000,0.96433,1.55813,0.85745,1.11709,0.24591,0.35333,1.35243,0.35742,1.05252,0.26780,1.57667,0.16000,1.55000,0.85000,0.00000
3.45833,3.41199,0.88956,0.534657,0.16000,0.94772,0.60624,1.12528,1.02906,1.74958,1.55000,0.96420,1.55767,0.85728,1.11569,0.24642,0.35433,1.35241,0.35670,1.05249,0.26840,1.57670,0.16000,1.55000,0.85000,0.00000
3.46667,3.41933,0.87797,0.555147,0.16000,0.94786,0.60206,1.15690,0.94141,1.83023,1.55000,0.96406,1.55750,0.85717,1.11482,0.24682,0.35509,1.35254,0.36390,1.05274,0.26859,1.57680,0.16000,1.55000,0.85000,0.00000
3.47500,3.42658,0.86811,0.570926,0.16000,0.94800,0.61017,1.18859,0.85881,1.90042,1.55000,0.96392,1.55743,0.85706,1.11429,0.24704,0.35610,1.35253,0.38763,1.05426,0.26925,1.57681,0.16000,1.55000,0.85000,0.00000
3.48333,3.43377,0.86022,0.583351,0.16000,0.94813,0.62821,1.22246,0.78248,1.96051,1.55000,0.96376,1.55725,0.85694,1.11341,0.24743,0.35705,1.35255,0.42497,1.06041,0.26984,1.57684,0.16000,1.55000,0.85000,0.00000
3.49167,3.44090,0.85451,0.598014,0.16000,0.94825,0.64364,1.25838,0.70178,2.01014,1.55000,0.96360,1.55729,0.85686,1.11297,0.24770,0.35801,1.35255,0.46290,1.07157,0.27039,1.57686,0.16000,1.55000,0.85000,0.00000
3.50000,3.44800,0.85108,0.615287,0.16000,0.94837,0.65412,1.29590,0.61547,2.04891,1.55000,0.96343,1.55696,0.85672,1.11148,0.24841,0.35878,1.35270,0.49881,1.08747,0.27063,1.57693,0.16000,1.55000,0.85000,0.00000
3.50833,3.45508,0.85000,0.635128,0.16000,0.94849,0.65987,1.33428,0.52506,2.07613,1.55000,0.96325,1.55687,0.85658,1.11069,0.24878,0.35969,1.35277,0.53255,1.10767,0.27111,1.57696,0.16000,1.55000,0.85000,0.00000
3.51667,3.46217,0.85130,0.656983,0.16000,0.94860,0.66077,1.37278,0.43230,2.09134,1.55000,0.96307,1.55688,0.85649,1.11000,0.24921,0.36069,1.35278,0.56344,1.13176,0.27177,1.57695,0.16000,1.55000,0.85000,0.00000
3.52500,3.46929,0.85494,0.680680,0.16000,0.94871,0.65656,1.41126,0.33764,2.09450,1.55000,0.96287,1.55654,0.85631,1.10872,0.24972,0.36153,1.35286,0.59100,1.15973,0.27219,1.57698,0.16000,1.55000,0.85000,0.00000
3.53333,3.47645,0.86084,0.706028,0.16000,0.94882,0.64728,1.44907,0.24272,2.08535,1.55000,0.96267,1.55643,0.85621,1.10769,0.25030,0.36228,1.35302,0.61478,1.19118,0.27243,1.57704,0.16000,1.55000,0.85000,0.00000
3.54167,3.48367,0.86886,0.732514,0.16000,0.94893,0.63310,1.48547,0.14924,2.06374,1.55000,0.96245,1.55634,0.85604,1.10690,0.25064,0.36301,1.35318,0.63441,1.22554,0.27267,1.57709,0.16000,1.55000,0.85000,0.00000
3.55000,3.49097,0.87882,0.759683,0.16000,0.94903,0.61415,1.51993,0.05843,2.02953,1.55000,0.96222,1.55624,0.85591,1.10588,0.25121,0.36382,1.35327,0.64965,1.26244,0.27309,1.57711,0.16000,1.55000,0.85000,0.00000
3.55833,3.49837,0.89046,0.787142,0.16000,0.94913,0.59048,1.55194,-0.02828,1.98282,1.55000,0.96199,1.55598,0.85576,1.10445,0.25192,0.36462,1.35336,0.66002,1.30148,0.27352,1.57713,0.16000,1.55000,0.85000,0.00000
3.56667,3.50587,0.90345,0.802984,0.16000,0.94922,0.59117,1.59121,-0.03493,2.01135,1.55000,0.96174,1.55598,0.85561,1.10376,0.25229,0.36533,1.35352,0.66502,1.34199,0.27381,1.57717,0.16000,1.55000,0.85000,0.00000
3.57500,3.51348,0.91740,0.817605,0.16000,0.94931,0.59622,1.63408,-0.02054,2.06780,1.55000,0.96148,1.55589,0.85545,1.10275,0.25282,0.36617,1.35360,0.66461,1.38331,0.27429,1.57717,0.16000,1.55000,0.85000,0.00000
3.58333,3.52122,0.93184,0.838667,0.16000,0.94940,0.58680,1.67471,-0.03508,2.10106,1.55000,0.96121,1.55572,0.85532,1.10142,0.25356,0.36676,1.35382,0.65817,1.42477,0.27436,1.57723,0.16000,1.55000,0.85000,0.00000
3.59167,3.52908,0.94625,0.861861,0.16000,0.94948,0.57177,1.71435,-0.05497,2.13351,1.55000,0.96092,1.55571,0.85514,1.10048,0.25408,0.36753,1.35391,0.64601,1.46525,0.27484,1.57722,0.16000,1.55000,0.85000,0.00000
3.60000,3.53705,0.96004,0.886709,0.16000,0.94956,0.55101,1.75247,-0.08005,2.16513,1.55000,0.96062,1.55554,0.85499,1.09916,0.25481,0.36817,1.35406,0.62782,1.50416,0.27508,1.57725,0.16000,1.55000,0.85000,0.00000
3.60833,3.54513,0.97262,0.913189,0.16000,0.94963,0.52391,1.78841,-0.11170,2.19401,1.55000,0.96031,1.55525,0.85477,1.09749,0.25564,0.36881,1.35421,0.60348,1.54096,0.27537,1.57727,0.16000,1.55000,0.84982,0.00000
3.61667,3.55330,0.98338,0.942974,0.16000,0.94970,0.48679,1.82208,-0.15663,2.21518,1.55000,0.95999,1.55505,0.85461,1.09592,0.25653,0.36951,1.35427,0.57119,1.57624,0.27584,1.57725,0.16000,1.55000,0.84869,0.00000
3.62500,3.56155,0.99179,0.975693,0.16000,0.94976,0.43827,1.85130,-0.21676,2.22472,1.55000,0.95965,1.55468,0.85442,1.09395,0.25757,0.37009,1.35445,0.53008,1.60813,0.27603,1.57727,0.16000,1.55000,0.84656,0.00000
3.63333,3.56985,0.99740,1.010048,0.16000,0.94982,0.37929,1.87290,-0.29011,2.21990,1.55000,0.95931,1.55473,0.85427,1.09308,0.25813,0.37051,1.35465,0.48072,1.63358,0.27608,1.57732,0.16000,1.55000,0.84345,0.00000
3.64167,3.57818,0.99989,1.040648,0.16000,0.94987,0.31836,1.88246,-0.36750,2.19567,1.55000,0.95896,1.55456,0.85406,1.09132,0.25916,0.37115,1.35474,0.43159,1.64849,0.27645,1.57729,0.16000,1.55000,0.83942,0.00000
3.65000,3.58651,1.00000,1.053671,0.16000,0.94991,0.28666,1.87886,-0.41629,2.15158,1.55000,0.95860,1.55420,0.85384,1.08935,0.26019,0.37158,1.35490,0.41333,1.65189,0.27656,1.57732,0.16000,1.55000,0.83453,0.00000
3.65833,3.59485,1.00000,1.067414,0.16000,0.94994,0.25054,1.87224,-0.46911,2.09720,1.55000,0.95823,1.55419,0.85367,1.08843,0.26073,0.37202,1.35504,0.39215,1.65427,0.27669,1.57732,0.16000,1.55000,0.82884,0.00000
3.66667,3.60318,1.00000,1.080602,0.16000,0.94997,0.21059,1.86189,-0.52386,2.03245,1.55000,0.95785,1.55360,0.85343,1.08581,0.26210,0.37233,1.35523,0.36809,1.65511,0.27669,1.57734,0.16000,1.55000,0.82238,0.00000
3.67500,3.61151,1.00000,1.092954,0.16000,0.94999,0.16767,1.84677,-0.57833,1.95626,1.55000,0.95747,1.55346,0.85324,1.08430,0.26299,0.37264,1.35536,0.34166,1.65367,0.27680,1.57735,0.16000,1.55000,0.81522,0.00000
3.68333,3.61985,1.00000,1.103435,0.16000,0.95000,0.12248,1.82614,-0.63033,1.86833,1.55000,0.95708,1.55322,0.85304,1.08270,0.26388,0.37293,1.35553,0.31308,1.64941,0.27674,1.57736,0.16000,1.55000,0.80739,0.00000
3.69167,3.62818,1.00000,1.110789,0.16000,0.95000,0.07659,1.79951,-0.67682,1.76973,1.55000,0.95669,1.55283,0.85284,1.08028,0.26530,0.37318,1.35567,0.28317,1.64176,0.27674,1.57736,0.16000,1.55000,0.79896,0.00000
3.70000,3.63651,1.00000,1.114836,0.16000,0.95000,0.03075,1.76608,-0.71571,1.65973,1.55000,0.95629,1.55271,0.85268,1.07881,0.26623,0.37342,1.35581,0.25231,1.63018,0.27674,1.57736,0.16000,1.55000,0.78996,0.00000
3.70833,3.64485,1.00000,1.114151,0.16000,0.95000,-0.01352,1.72567,-0.74429,1.53993,1.55000,0.95588,1.55233,0.85246,1.07664,0.26747,0.37363,1.35594,0.22133,1.61430,0.27674,1.57736,0.16000,1.55000,0.78044,0.00000
3.71667,3.65318,1.00000,1.108314,0.16000,0.95000,-0.05486,1.67798,-0.75999,1.41094,1.55000,0.95547,1.55193,0.85223,1.07467,0.26852,0.37384,1.35606,0.19106,1.59384,0.27674,1.57736,0.16000,1.55000,0.77044,0.00000
3.72500,3.66151,1.00000,1.096811,0.16000,0.95000,-0.09153,1.62368,-0.76067,1.27617,1.55000,0.95506,1.55167,0.85200,1.07284,0.26956,0.37402,1.35617,0.16253,1.56882,0.27674,1.57736,0.16000,1.55000,0.76001,0.00000
3.73333,3.66985,1.00000,1.079076,0.16000,0.95000,-0.12228,1.56299,-0.74450,1.13714,1.55000,0.95463,1.55138,0.85181,1.07099,0.27066,0.37418,1.35627,0.13656,1.53924,0.27674,1.57736,0.16000,1.55000,0.74919,0.00000
3.74167,3.67818,1.00000,1.055495,0.16000,0.95000,-0.14570,1.49669,-0.70996,0.99657,1.55000,0.95421,1.55104,0.85161,1.06887,0.27195,0.37434,1.35636,0.11408,1.50540,0.27674,1.57736,0.16000,1.55000,0.73802,0.00000
3.75000,3.68651,1.00000,1.023317,0.16000,0.95000,-0.16050,1.42590,-0.65604,0.85761,1.55000,0.95378,1.55061,0.85142,1.06645,0.27342,0.37448,1.35645,0.09602,1.46782,0.27674,1.57736,0.16000,1.55000,0.72653,0.00000
3.75833,3.69485,1.00000,0.978946,0.16000,0.95000,-0.16573,1.35216,-0.58294,0.72410,1.55000,0.95335,1.55014,0.85116,1.06443,0.27446,0.37460,1.35653,0.08313,1.42717,0.27674,1.57736,0.16000,1.55000,0.71478,0.00000
3.76667,3.70318,1.00000,0.921592,0.16000,0.95000,-0.16056,1.27661,-0.49023,0.59850,1.55000,0.95291,1.54971,0.85095,1.06201,0.27594,0.37470,1.35659,0.07606,1.38417,0.27674,1.57736,0.16000,1.55000,0.70279,0.00000
3.77500,3.71151,1.00000,0.852926,0.16000,0.95000,-0.14461,1.20160,-0.37973,0.48520,1.55000,0.95247,1.54938,0.85075,1.05992,0.27723,0.37479,1.35665,0.07534,1.34010,0.27674,1.57736,0.16000,1.55000,0.69060,0.00000
3.78333,3.71985,1.00000,0.773388,0.16000,0.95000,-0.11769,1.12842,-0.25256,0.38658,1.55000,0.95203,1.54898,0.85053,1.05776,0.27852,0.37487,1.35670,0.08123,1.29572,0.27674,1.57736,0.16000,1.55000,0.67825,0.00000
3.79167,3.72818,1.00000,0.686417,0.16000,0.95000,-0.08003,1.05904,-0.11094,0.30568,1.55000,0.95158,1.54865,0.85032,1.05568,0.27981,0.37495,1.35675,0.09383,1.25226,0.27674,1.57736,0.16000,1.55000,0.66577,0.00000
3.80000,3.73651,1.00000,0.595547,0.16000,0.95000,-0.03250,0.99560,0.04143,0.24523,1.55000,0.95113,1.54815,0.85010,1.05321,0.28130,0.37500,1.35678,0.11287,1.21107,0.27674,1.57736,0.16000,1.55000,0.65319,0.00000
3.80833,3.74485,1.00000,0.501206,0.16000,0.95000,0.02423,0.93929,0.20212,0.20657,1.55000,0.95068,1.54765,0.84989,1.05075,0.28280,0.37504,1.35681,0.13811,1.17293,0.27674,1.57736,0.16000,1.55000,0.64054,0.00000
3.81667,3.75318,1.00000,0.404409,0.16000,0.95000,0.08878,0.89179,0.36743,0.19117,1.55000,0.95023,1.54726,0.84966,1.04862,0.28410,0.37508,1.35683,0.16886,1.13907,0.27674,1.57736,0.16000,1.55000,0.62787,0.00000
3.82500,3.76151,1.00000,0.306380,0.16000,0.95000,0.15939,0.85431,0.53281,0.19927,1.55000,0.94977,1.54686,0.84944,1.04649,0.28541,0.37509,1.35684,0.20428,1.11033,0.27674,1.57736,0.16000,1.55000,0.61519,0.00000
3.83333,3.76985,1.00000,0.207175,0.16000,0.95000,0.23493,0.82751,0.69608,0.23098,1.55000,0.94932,1.54630,0.84926,1.04377,0.28715,0.37510,1.35685,0.24365,1.08728,0.27674,1.57736,0.16000,1.55000,0.60253,0.00000
3.84167,3.77818,1.00000,0.111583,0.16000,0.95000,0.31293,0.81207,0.85200,0.28489,1.55000,0.94886,1.54591,0.84904,1.04166,0.28847,0.37510,1.35685,0.28573,1.07057,0.27674,1.57736,0.16000,1.55000,0.58992,0.00000
3.85000,3.78651,1.00000,0.046824,0.16000,0.95000,0.39191,0.80810,0.99822,0.35989,1.55000,0.94840,1.54551,0.84881,1.03954,0.28980,0.37509,1.35684,0.32948,1.06042,0.27674,1.57736,0.16000,1.55000,0.57739,0.00000
3.85833,3.79485,1.00000,0.033491,0.16000,0.95000,0.47010,0.81545,1.13178,0.45393,1.55000,0.94794,1.54516,0.84863,1.03748,0.29117,0.37508,1.35683,0.37392,1.05692,0.27674,1.57736,0.16000,1.55000,0.56497,0.00000
3.86667,3.80318,1.00000,0.058351,0.16000,0.93500,0.52428,0.84815,1.24023,0.61165,1.55000,0.94748,1.54484,0.84845,1.03524,0.29275,0.32971,1.36293,0.38618,1.06837,0.22402,1.57137,0.16000,1.55000,0.55267,0.00000
3.87500,3.81151,1.00000,0.073392,0.16000,0.93502,0.59236,0.87528,1.33238,0.73076,1.55000,0.94702,1.54427,0.84823,1.03275,0.29429,0.33118,1.36036,0.42765,1.07637,0.22946,1.57078,0.16000,1.55000,0.54052,0.00000
3.88333,3.81985,1.00000,0.103670,0.16000,0.93504,0.65705,0.91545,1.40965,0.86952,1.55000,0.94656,1.54410,0.84805,1.03110,0.29548,0.33114,1.36035,0.46732,1.09313,0.22931,1.57074,0.16000,1.55000,0.52854,0.00000
3.89167,3.82818,1.00000,0.162166,0.16000,0.93507,0.71467,0.96308,1.46692,1.01453,1.55000,0.94611,1.54354,0.84783,1.02863,0.29703,0.33131,1.36031,0.50363,1.11483,0.22949,1.57074,0.16000,1.55000,0.51675,0.00000
3.90000,3.83651,1.00000,0.239780,0.16000,0.93512,0.76451,1.01722,1.50419,1.16349,1.55000,0.94565,1.54302,0.84762,1.02600,0.29880,0.33141,1.36038,0.53596,1.14103,0.22943,1.57080,0.16000,1.55000,0.50517,0.00000
3.90833,3.84485,1.00000,0.307575,0.16000,0.93517,0.80590,1.07584,1.52184,1.31238,1.55000,0.94519,1.54267,0.84744,1.02398,0.30021,0.33159,1.36030,0.56380,1.17047,0.22971,1.57081,0.16000,1.55000,0.49382,0.00000
3.91667,3.85318,1.00000,0.364595,0.16000,0.93524,0.83853,1.13793,1.52075,1.45902,1.55000,0.94474,1.54211,0.84723,1.02153,0.30179,0.33163,1.36033,0.58679,1.20269,0.22971,1.57087,0.16000,1.55000,0.48272,0.00000
3.92500,3.86151,1.00000,0.410683,0.16000,0.93531,0.86270,1.20190,1.50248,1.60090,1.55000,0.94429,1.54187,0.84704,1.01983,0.30301,0.33185,1.36029,0.60510,1.23664,0.22996,1.57091,0.16000,1.55000,0.47188,0.00000
3.93333,3.86985,1.00000,1.065643,0.16000,0.93540,0.24534,1.91238,-0.35122,2.37352,1.55000,0.94384,1.54156,0.84688,1.01764,0.30465,0.33195,1.36032,0.30233,1.65877,0.22997,1.57098,0.16000,1.55000,0.30064,0.00000
3.94167,3.87818,1.00000,1.055638,0.16000,0.93549,0.27086,1.91568,-0.30497,2.40244,1.55000,0.94339,1.54122,0.84671,1.01564,0.30609,0.33223,1.36030,0.31672,1.65982,0.23025,1.57104,0.16000,1.55000,0.30407,0.00000
3.95000,3.88651,1.00000,1.037441,0.16000,0.93559,0.31462,1.91876,-0.22303,2.44739,1.55000,0.94294,1.54056,0.84647,1.01312,0.30767,0.33238,1.36038,0.34113,1.66018,0.23020,1.57113,0.16000,1.55000,0.31021,0.00000
3.95833,3.89485,1.00000,1.009596,0.16000,0.93570,0.37543,1.91712,-0.10448,2.49868,1.55000,0.94250,1.54023,0.84631,1.01114,0.30912,0.33255,1.36028,0.37497,1.65719,0.23051,1.57119,0.16000,1.55000,0.31882,0.00000
3.96667,3.90318,1.00000,0.970690,0.16000,0.93582,0.45055,1.90597,0.05009,2.54484,1.55000,0.94206,1.54002,0.84615,1.00928,0.31059,0.33286,1.36024,0.41640,1.64829,0.23081,1.57126,0.16000,1.55000,0.32964,0.00000
3.97500,3.91151,1.00000,0.920088,0.16000,0.93594,0.53577,1.88014,0.23683,2.57235,1.55000,0.94162,1.53969,0.84599,1.00731,0.31207,0.33323,1.36019,0.46293,1.63062,0.23114,1.57133,0.16000,1.55000,0.34243,0.00000
3.98333,3.91985,1.00000,0.857898,0.16000,0.93608,0.62605,1.83493,0.45070,2.56826,1.55000,0.94119,1.53903,0.84577,1.00482,0.31368,0.33352,1.36016,0.51136,1.60167,0.23144,1.57141,0.16000,1.55000,0.35697,0.00000
3.99167,3.92818,1.00000,0.784933,0.16000,0.93622,0.71432,1.76711,0.68165,2.52040,1.55000,0.94076,1.53897,0.84565,1.00333,0.31500,0.33366,1.36013,0.55736,1.55992,0.23155,1.57152,0.16000,1.55000,0.37304,0.00000
4.00000,3.93651,1.00000,0.702739,0.16000,0.93637,0.79257,1.67578,0.91520,2.41975,1.55000,0.94033,1.53871,0.84546,1.00165,0.31624,0.33394,1.36011,0.59642,1.50522,0.23185,1.57161,0.16000,1.55000,0.39041,0.00000
4.00833,3.94485,1.00000,0.614712,0.16000,0.93652,0.85235,1.56254,1.13474,2.26166,1.55000,0.93991,1.53826,0.84528,0.99958,0.31772,0.33431,1.36002,0.62365,1.43900,0.23228,1.57170,0.16000,1.55000,0.40889,0.00000
4.01667,3.95318,1.00000,0.527867,0.16000,0.93668,0.88541,1.43243,1.32076,2.04806,1.55000,0.93950,1.53783,0.84510,0.99753,0.31920,0.33457,1.36000,0.63446,1.36470,0.23253,1.57181,0.16000,1.55000,0.42829,0.00000
4.02500,3.96151,1.00000,0.451197,0.16000,0.93685,0.88589,1.29304,1.45551,1.78706,1.55000,0.93909,1.53756,0.84498,0.99564,0.32073,0.33507,1.35990,0.62603,1.28712,0.23310,1.57188,0.16000,1.55000,0.44843,0.00000
4.03333,3.96985,1.00000,0.373365,0.16000,0.93703,0.84991,1.15425,1.52353,1.49299,1.55000,0.93868,1.53730,0.84480,0.99398,0.32201,0.33539,1.35987,0.59657,1.21242,0.23342,1.57199,0.16000,1.55000,0.46911,0.00000
4.04167,3.97818,1.00000,0.248708,0.16000,0.93721,0.77769,1.02694,1.51486,1.18536,1.55000,0.93828,1.53708,0.84468,0.99236,0.32335,0.33579,1.35979,0.54713,1.14697,0.23386,1.57209,0.16000,1.55000,0.49019,0.00000
4.05000,3.98651,1.00000,0.101784,0.16000,0.93739,0.67313,0.92218,1.42633,0.88748,1.55000,0.93789,1.53663,0.84448,0.99051,0.32461,0.33617,1.35977,0.48078,1.09701,0.23424,1.57220,0.16000,1.55000,0.51149,0.00000
4.05833,3.99485,1.00000,0.037786,0.16000,0.93759,0.54334,0.84864,1.26222,0.62119,1.55000,0.93750,1.53658,0.84436,0.98927,0.32574,0.33656,1.35969,0.40248,1.06710,0.23468,1.57231,0.16000,1.55000,0.53289,0.00000
4.06667,4.00318,1.00000,0.020275,0.16000,0.93778,0.39822,0.81280,1.03384,0.40720,1.55000,0.93712,1.53620,0.84422,0.98730,0.32729,0.33694,1.35961,0.31864,1.06025,0.23517,1.57242,0.16000,1.55000,0.55422,0.00000
4.07500,4.01151,1.00000,0.138521,0.16000,0.93799,0.24979,0.81739,0.75955,0.26182,1.55000,0.93674,1.53578,0.84409,0.98529,0.32885,0.33734,1.35949,0.23660,1.07699,0.23571,1.57253,0.16000,1.55000,0.57537,0.00000
4.08333,4.01985,1.00000,0.318779,0.16000,0.93819,0.10915,0.86134,0.45946,0.19365,1.55000,0.93638,1.53562,0.84394,0.98396,0.32997,0.33773,1.35938,0.16295,1.11564,0.23625,1.57264,0.16000,1.55000,0.59622,0.00000
4.09167,4.02818,1.00000,0.491140,0.16000,0.93841,-0.01286,0.94003,0.15711,0.20543,1.55000,0.93602,1.53538,0.84381,0.98254,0.33111,0.33814,1.35930,0.10353,1.17244,0.23680,1.57275,0.16000,1.55000,0.61664,0.00000
4.10000,4.03651,1.00000,0.652422,0.16000,0.93862,-0.10838,1.04615,-0.12720,0.29238,1.55000,0.93566,1.53523,0.84368,0.98121,0.33225,0.33853,1.35913,0.06236,1.24214,0.23745,1.57286,0.16000,1.55000,0.63654,0.00000
4.10833,4.04485,1.00000,0.795343,0.16000,0.93884,-0.17180,1.17035,-0.37404,0.44398,1.55000,0.93532,1.53501,0.84356,0.97981,0.33340,0.33883,1.35897,0.04161,1.31874,0.23803,1.57298,0.16000,1.55000,0.65583,0.00000
4.11667,4.05318,1.00000,0.906651,0.16000,0.93907,-0.20090,1.30314,-0.57031,0.64582,1.55000,0.93498,1.53464,0.84342,0.97807,0.33476,0.33928,1.35889,0.04171,1.39643,0.23858,1.57310,0.16000,1.55000,0.67442,0.00000
4.12500,4.06151,1.00000,0.982468,0.16000,0.93929,-0.19647,1.43507,-0.70712,0.88031,1.55000,0.93465,1.53451,0.84330,0.97697,0.33571,0.33957,1.35869,0.06110,1.47008,0.23921,1.57322,0.16000,1.55000,0.69224,0.00000
4.13333,4.06985,1.00000,1.025265,0.16000,0.93952,-0.16048,1.55785,-0.77896,1.12656,1.55000,0.93433,1.53424,0.84317,0.97553,0.33686,0.33999,1.35842,0.09856,1.53637,0.24012,1.57332,0.16000,1.55000,0.70921,0.00000
4.14167,4.07818,1.00000,1.049951,0.16000,0.93976,-0.09616,1.66210,-0.78277,1.35051,1.55000,0.93402,1.53411,0.84307,0.97444,0.33783,0.34024,1.35824,0.15465,1.59385,0.24077,1.57346,0.16000,1.55000,0.72528,0.00000
4.15000,4.08651,1.00000,1.058475,0.16000,0.93999,-0.01073,1.74125,-0.73681,1.53796,1.55000,0.93372,1.53397,0.84299,0.97313,0.33904,0.34055,1.35807,0.22676,1.63557,0.24144,1.57358,0.16000,1.55000,0.74041,0.00000
4.15833,4.09485,1.00000,1.049980,0.16000,0.94023,0.08703,1.79091,-0.65882,1.68032,1.55000,0.93343,1.53359,0.84285,0.97159,0.34019,0.34092,1.35801,0.30938,1.65628,0.24189,1.57370,0.16000,1.55000,0.75455,0.00000
4.16667,4.10318,1.00000,1.028144,0.16000,0.94047,0.18672,1.81434,-0.56705,1.79559,1.55000,0.93315,1.53364,0.84277,0.97087,0.34097,0.34137,1.35778,0.39097,1.65357,0.24278,1.57378,0.16000,1.55000,0.76767,0.00000
4.17500,4.11151,1.00000,0.996833,0.16000,0.94072,0.28134,1.81586,-0.46902,1.88981,1.55000,0.93288,1.53341,0.84267,0.96968,0.34195,0.34159,1.35756,0.46431,1.63122,0.24349,1.57392,0.16000,1.55000,0.77976,0.00000
4.18333,4.11985,1.00000,0.959165,0.16000,0.94096,0.36723,1.79903,-0.36869,1.96316,1.55000,0.93262,1.53324,0.84258,0.96855,0.34295,0.34190,1.35728,0.52654,1.59363,0.24443,1.57403,0.16000,1.55000,0.79080,0.00000
4.19167,4.12818,1.00000,0.918261,0.16000,0.94121,0.44208,1.76840,-0.26890,2.01947,1.55000,0.93237,1.53321,0.84248,0.96795,0.34349,0.34225,1.35703,0.57564,1.54540,0.24528,1.57414,0.16000,1.55000,0.80078,0.00000
4.20000,4.13651,1.00000,0.875950,0.16000,0.94146,0.50467,1.72797,-0.17151,2.06160,1.55000,0.93213,1.53293,0.84238,0.96672,0.34448,0.34246,1.35681,0.61084,1.49070,0.24605,1.57426,0.16000,1.55000,0.80972,0.00000
4.20833,4.14485,1.00000,0.834052,0.16000,0.94171,0.55545,1.68114,-0.07654,2.09236,1.55000,0.93190,1.53288,0.84231,0.96590,0.34528,0.34280,1.35658,0.63283,1.43298,0.24690,1.57437,0.16000,1.55000,0.81762,0.00000
4.21667,4.15318,1.00000,0.793887,0.16000,0.94196,0.59485,1.63093,0.01591,2.11399,1.55000,0.93168,1.53295,0.84223,0.96559,0.34563,0.34302,1.35632,0.64235,1.37537,0.24778,1.57448,0.16000,1.55000,0.82452,0.00000
4.22500,4.16151,1.00000,0.755616,0.16000,0.94221,0.62442,1.57985,0.10728,2.12857,1.55000,0.93148,1.53267,0.84216,0.96436,0.34665,0.34328,1.35617,0.64107,1.32045,0.24845,1.57462,0.16000,1.55000,0.83045,0.00000
4.23333,4.16985,1.00000,0.719695,0.16000,0.94246,0.64553,1.52894,0.19828,2.13598,1.55000,0.93128,1.53261,0.84213,0.96354,0.34749,0.34359,1.35586,0.63079,1.26942,0.24951,1.57470,0.16000,1.55000,0.83544,0.00000
4.24167,4.17818,1.00000,0.686821,0.16000,0.94271,0.65925,1.48039,0.28817,2.13676,1.55000,0.93110,1.53243,0.84202,0.96280,0.34804,0.34373,1.35570,0.61345,1.22452,0.25015,1.57484,0.16000,1.55000,0.83955,0.00000
4.25000,4.18651,1.00000,0.656112,0.16000,0.94296,0.66780,1.43380,0.37933,2.13044,1.55000,0.93093,1.53257,0.84198,0.96255,0.34844,0.34411,1.35540,0.59121,1.18540,0.25127,1.57492,0.16000,1.55000,0.84285,0.00000
4.25833,4.19485,1.00000,0.628261,0.16000,0.94321,0.67165,1.39101,0.46784,2.11695,1.55000,0.93078,1.53232,0.84191,0.96173,0.34902,0.34424,1.35525,0.56614,1.15345,0.25191,1.57506,0.16000,1.55000,0.84540,0.00000
4.26667,4.20318,1.00000,0.602988,0.16000,0.94346,0.67254,1.35148,0.55426,2.09615,1.55000,0.93064,1.53262,0.84188,0.96185,0.34921,0.34449,1.35504,0.54019,1.12775,0.25279,1.57516,0.16000,1.55000,0.84727,0.00000
4.27500,4.21151,1.00000,0.579815,0.16000,0.94371,0.67147,1.31573,0.63658,2.06892,1.55000,0.93051,1.53237,0.84183,0.96103,0.34982,0.34471,1.35489,0.51511,1.10807,0.25349,1.57529,0.16000,1.55000,0.84857,0.00000
4.28333,4.21985,1.00000,0.558916,0.16000,0.94395,0.66907,1.28321,0.71337,2.03591,1.55000,0.93039,1.53239,0.84181,0.96068,0.35023,0.34500,1.35465,0.49179,1.09309,0.25447,1.57538,0.16000,1.55000,0.84938,0.00000
4.29167,4.22818,1.00000,0.539968,0.16000,0.94420,0.66622,1.25375,0.78466,1.99839,1.55000,0.93029,1.53253,0.84179,0.96062,0.35043,0.34534,1.35440,0.47103,1.08208,0.25546,1.57546,0.16000,1.55000,0.84981,0.00000
4.30000,4.23651,1.00000,0.522802,0.16000,0.94444,0.66321,1.22724,0.84930,1.95792,1.55000,0.93021,1.53244,0.84171,0.96034,0.35058,0.34565,1.35417,0.45312,1.07415,0.25644,1.57554,0.16000,1.55000,0.84997,0.00000
4.30833,4.24485,1.00000,0.507376,0.16000,0.94468,0.66000,1.20339,0.90728,1.91569,1.55000,0.93014,1.53250,0.84173,0.96021,0.35081,0.34575,1.35412,0.43771,1.06863,0.25690,1.57570,0.16000,1.55000,0.85000,0.00000
4.31667,4.25318,0.99967,0.542682,0.16000,0.94492,0.65673,1.18114,0.95946,1.87170,1.55000,0.96499,1.55637,0.85764,1.11392,0.24711,0.34611,1.35385,0.42450,1.06434,0.25799,1.57576,0.16000,1.55000,0.85000,0.00000
4.32500,4.26149,0.99658,0.534013,0.16000,0.94516,0.65348,1.16122,1.00466,1.82845,1.55000,0.96496,1.55775,0.85772,1.11860,0.24482,0.34650,1.35363,0.41352,1.06127,0.25903,1.57582,0.16000,1.55000,0.85000,0.00000
4.33333,4.26976,0.99040,0.526575,0.16000,0.94539,0.64925,1.14482,1.03870,1.79046,1.55000,0.96492,1.55782,0.85769,1.11866,0.24480,0.34676,1.35347,0.40387,1.05902,0.25977,1.57592,0.16000,1.55000,0.85000,0.00000
4.34167,4.27796,0.98146,0.521287,0.16000,0.94562,0.64442,1.13173,1.06316,1.75877,1.55000,0.96486,1.55779,0.85764,1.11839,0.24492,0.34707,1.35334,0.39535,1.05732,0.26051,1.57602,0.16000,1.55000,0.85000,0.00000
4.35000,4.28607,0.97023,0.517945,0.16000,0.94584,0.63944,1.12208,1.07887,1.73480,1.55000,0.96478,1.55765,0.85758,1.11778,0.24519,0.34772,1.35323,0.38803,1.05602,0.26137,1.57609,0.16000,1.55000,0.85000,0.00000
4.35833,4.29407,0.95727,0.516845,0.16000,0.94606,0.63383,1.11577,1.08608,1.71909,1.55000,0.96469,1.55766,0.85756,1.11733,0.24551,0.34830,1.35317,0.38108,1.05503,0.26203,1.57619,0.16000,1.55000,0.85000,0.00000
4.36667,4.30196,0.94319,0.517435,0.16000,0.94627,0.62786,1.11218,1.08657,1.71061,1.55000,0.96458,1.55760,0.85748,1.11680,0.24577,0.34925,1.35303,0.37448,1.05415,0.26301,1.57623,0.16000,1.55000,0.85000,0.00000
4.37500,4.30973,0.92862,0.519809,0.16000,0.94647,0.62119,1.11150,1.08012,1.70975,1.55000,0.96446,1.55736,0.85738,1.11585,0.24617,0.35013,1.35298,0.36778,1.05356,0.26379,1.57630,0.16000,1.55000,0.85000,0.00000
4.38333,4.31738,0.91413,0.524302,0.16000,0.94667,0.61392,1.11359,1.06709,1.71622,1.55000,0.96433,1.55747,0.85729,1.11573,0.24625,0.35101,1.35300,0.36108,1.05323,0.26435,1.57639,0.16000,1.55000,0.85000,0.00000
4.39167,4.32491,0.90026,0.529976,0.16000,0.94686,0.60613,1.11791,1.04860,1.72843,1.55000,0.96419,1.55722,0.85716,1.11478,0.24663,0.35192,1.35302,0.35440,1.05309,0.26496,1.57647,0.16000,1.55000,0.85000,0.00000
4.40000,4.33233,0.88747,0.537206,0.16000,0.94705,0.59792,1.12427,1.02480,1.74580,1.55000,0.96403,1.55723,0.85705,1.11432,0.24686,0.35290,1.35300,0.34791,1.05311,0.26562,1.57653,0.16000,1.55000,0.85000,0.00000
4.40833,4.33965,0.87615,0.545188,0.16000,0.94722,0.58937,1.13217,0.99673,1.76666,1.55000,0.96387,1.55687,0.85691,1.11303,0.24740,0.35404,1.35296,0.34169,1.05328,0.26647,1.57656,0.16000,1.55000,0.85000,0.00000
4.41667,4.34690,0.86661,0.555018,0.16000,0.94739,0.58017,1.14234,0.96190,1.79257,1.55000,0.96370,1.55678,0.85678,1.11223,0.24778,0.35507,1.35295,0.33583,1.05364,0.26719,1.57660,0.16000,1.55000,0.85000,0.00000
4.42500,4.35407,0.85909,0.565026,0.16000,0.94756,0.57165,1.15320,0.92511,1.81922,1.55000,0.96352,1.55671,0.85668,1.11147,0.24820,0.35609,1.35299,0.33135,1.05409,0.26780,1.57665,0.16000,1.55000,0.85000,0.00000
4.43333,4.36119,0.85376,0.573223,0.16000,0.94772,0.56526,1.16259,0.89344,1.84142,1.55000,0.96333,1.55668,0.85659,1.11050,0.24879,0.35703,1.35311,0.32885,1.05451,0.26822,1.57673,0.16000,1.55000,0.85000,0.00000
4.44167,4.36829,0.85073,0.579489,0.16000,0.94788,0.56092,1.17003,0.86812,1.85861,1.55000,0.96313,1.55661,0.85648,1.10973,0.24919,0.35807,1.35316,0.32794,1.05475,0.26883,1.57677,0.16000,1.55000,0.85000,0.00000
4.45000,4.37537,0.85006,0.584092,0.16000,0.94803,0.55817,1.17598,0.84785,1.87212,1.55000,0.96292,1.55642,0.85631,1.10861,0.24971,0.35912,1.35317,0.32819,1.05484,0.26955,1.57680,0.16000,1.55000,0.85000,0.00000
4.45833,4.38247,0.85176,0.587800,0.16000,0.94818,0.55675,1.18115,0.83087,1.88356,1.55000,0.96270,1.55643,0.85619,1.10792,0.25011,0.35999,1.35330,0.32952,1.05493,0.26997,1.57686,0.16000,1.55000,0.85000,0.00000
4.46667,4.38959,0.85579,0.590673,0.16000,0.94832,0.55677,1.18612,0.81519,1.89445,1.55000,0.96247,1.55626,0.85605,1.10682,0.25065,0.36092,1.35343,0.33240,1.05487,0.27040,1.57692,0.16000,1.55000,0.85000,0.00000
4.47500,4.39676,0.86207,0.592974,0.16000,0.94846,0.55858,1.19116,0.79981,1.90553,1.55000,0.96223,1.55624,0.85592,1.10588,0.25121,0.36196,1.35345,0.33746,1.05453,0.27111,1.57693,0.16000,1.55000,0.85000,0.00000
4.48333,4.40399,0.87044,0.595941,0.16000,0.94860,0.56544,1.20064,0.77328,1.92544,1.55000,0.96198,1.55596,0.85575,1.10444,0.25191,0.36289,1.35358,0.35090,1.05391,0.27159,1.57698,0.16000,1.55000,0.85000,0.00000
4.49167,4.41131,0.88070,0.604042,0.16000,0.94873,0.58122,1.22320,0.71045,1.96604,1.55000,0.96171,1.55598,0.85559,1.10376,0.25227,0.36383,1.35366,0.38356,1.05439,0.27219,1.57699,0.16000,1.55000,0.85000,0.00000
4.50000,4.41872,0.89259,0.616992,0.16000,0.94886,0.59828,1.25483,0.62347,2.00841,1.55000,0.96144,1.55589,0.85546,1.10252,0.25301,0.36459,1.35388,0.42589,1.06029,0.27238,1.57708,0.16000,1.55000,0.84962,0.00000
4.50833,4.42624,0.90578,0.634618,0.16000,0.94898,0.61315,1.29311,0.52032,2.04138,1.55000,0.96115,1.55570,0.85527,1.10117,0.25369,0.36557,1.35395,0.47327,1.07403,0.27304,1.57708,0.16000,1.55000,0.84789,0.00000
4.51667,4.43388,0.91985,0.658135,0.16000,0.94910,0.62294,1.33861,0.40161,2.05939,1.55000,0.96084,1.55551,0.85506,1.09982,0.25435,0.36630,1.35417,0.52322,1.09858,0.27328,1.57715,0.16000,1.55000,0.84478,0.00000
4.52500,4.44163,0.93432,0.687977,0.16000,0.94922,0.62482,1.39049,0.27018,2.05588,1.55000,0.96052,1.55541,0.85490,1.09858,0.25507,0.36714,1.35426,0.57267,1.13585,0.27381,1.57716,0.16000,1.55000,0.84032,0.00000
4.53333,4.44951,0.94867,0.724073,0.16000,0.94933,0.61548,1.44693,0.13116,2.02482,1.55000,0.96019,1.55522,0.85472,1.09701,0.25594,0.36810,1.35433,0.61701,1.18701,0.27447,1.57715,0.16000,1.55000,0.83454,0.00000
4.54167,4.45750,0.96230,0.765741,0.16000,0.94943,0.59174,1.50503,-0.00813,1.96183,1.55000,0.95985,1.55485,0.85452,1.09503,0.25697,0.36878,1.35453,0.65056,1.25185,0.27471,1.57720,0.16000,1.55000,0.82747,0.00000
4.55000,4.46560,0.97461,0.811168,0.16000,0.94953,0.55179,1.56003,-0.13833,1.86374,1.55000,0.95949,1.55477,0.85437,1.09358,0.25788,0.36955,1.35466,0.66824,1.32765,0.27513,1.57721,0.16000,1.55000,0.81917,0.00000
4.55833,4.47379,0.98501,0.857334,0.16000,0.94962,0.49514,1.60657,-0.24839,1.73178,1.55000,0.95911,1.55464,0.85414,1.09208,0.25872,0.37019,1.35485,0.66502,1.40984,0.27537,1.57725,0.16000,1.55000,0.80971,0.00000
4.56667,4.48205,0.99296,0.900115,0.16000,0.94970,0.42364,1.63820,-0.32725,1.56977,1.55000,0.95873,1.55462,0.85396,1.09068,0.25960,0.37088,1.35500,0.63805,1.49126,0.27574,1.57726,0.16000,1.55000,0.79917,0.00000
4.57500,4.49035,0.99805,0.934905,0.16000,0.94977,0.34139,1.64932,-0.36516,1.38608,1.55000,0.95833,1.55433,0.85376,1.08903,0.26046,0.37147,1.35516,0.58686,1.56385,0.27603,1.57728,0.16000,1.55000,0.78766,0.00000
4.58333,4.49868,0.99999,0.956926,0.16000,0.94983,0.25520,1.63584,-0.35521,1.19322,1.55000,0.95793,1.55392,0.85355,1.08658,0.26186,0.37198,1.35530,0.51459,1.61914,0.27626,1.57729,0.16000,1.55000,0.77529,0.00000
4.59167,4.50702,1.00000,0.917626,0.16000,0.94989,0.17312,1.59598,-0.29418,1.00425,1.55000,0.95751,1.55346,0.85328,1.08430,0.26303,0.37250,1.35548,0.42730,1.65034,0.27645,1.57731,0.16000,1.55000,0.76218,0.00000
4.60000,4.51535,1.00000,0.817099,0.16000,0.94993,0.10399,1.53102,-0.18349,0.83398,1.55000,0.95709,1.55343,0.85310,1.08314,0.26375,0.37301,1.35557,0.33358,1.65288,0.27674,1.57730,0.16000,1.55000,0.74842,0.00000
4.60833,4.52368,1.00000,0.739258,0.16000,0.94996,0.04381,1.45879,-0.09193,0.71711,1.55000,0.95666,1.55305,0.85286,1.08072,0.26514,0.37332,1.35578,0.24292,1.62586,0.27669,1.57734,0.16000,1.55000,0.73410,0.00000
4.61667,4.53202,1.00000,0.704049,0.16000,0.94999,-0.01333,1.38227,-0.06187,0.62984,1.55000,0.95623,1.55261,0.85262,1.07849,0.26635,0.37360,1.35590,0.16499,1.57136,0.27679,1.57733,0.16000,1.55000,0.71929,0.00000
4.62500,4.54035,1.00000,0.652703,0.16000,0.95000,-0.04542,1.28554,-0.00062,0.53287,1.55000,0.95578,1.55245,0.85241,1.07675,0.26742,0.37385,1.35607,0.10818,1.49522,0.27674,1.57736,0.16000,1.55000,0.70408,0.00000
4.63333,4.54868,1.00000,0.583967,0.16000,0.95000,-0.04667,1.17724,0.09618,0.43690,1.55000,0.95534,1.55205,0.85220,1.07456,0.26867,0.37406,1.35620,0.07819,1.40521,0.27674,1.57736,0.16000,1.55000,0.68854,0.00000
4.64167,4.55702,1.00000,0.498708,0.16000,0.95000,-0.01470,1.06816,0.22813,0.35433,1.55000,0.95488,1.55147,0.85194,1.07175,0.27024,0.37426,1.35632,0.07778,1.31107,0.27674,1.57736,0.16000,1.55000,0.67274,0.00000
4.65000,4.56535,1.00000,0.402712,0.16000,0.95000,0.04454,0.97798,0.38588,0.30567,1.55000,0.95442,1.55114,0.85171,1.06964,0.27149,0.37442,1.35641,0.10174,1.23153,0.27674,1.57736,0.16000,1.55000,0.65676,0.00000
4.65833,4.57368,1.00000,0.304987,0.16000,0.95000,0.11367,0.91949,0.54997,0.30454,1.55000,0.95396,1.55075,0.85148,1.06747,0.27274,0.37456,1.35650,0.13305,1.17869,0.27674,1.57736,0.16000,1.55000,0.64066,0.00000
4.66667,4.58202,1.00000,0.207705,0.16000,0.95000,0.19341,0.87463,0.71667,0.33176,1.55000,0.95349,1.55032,0.85124,1.06504,0.27417,0.37466,1.35657,0.17385,1.13382,0.27674,1.57736,0.16000,1.55000,0.62450,0.00000
4.67500,4.59035,1.00000,0.126021,0.16000,0.95000,0.28106,0.84529,0.88113,0.38874,1.55000,0.95301,1.54999,0.85100,1.06294,0.27542,0.37474,1.35662,0.22213,1.09844,0.27674,1.57736,0.16000,1.55000,0.60834,0.00000
4.68333,4.59868,1.00000,0.093099,0.16000,0.95000,0.37297,0.83272,1.03658,0.47475,1.55000,0.95253,1.54948,0.85081,1.06024,0.27710,0.37481,1.35666,0.27550,1.07367,0.27674,1.57736,0.16000,1.55000,0.59225,0.00000
4.69167,4.60702,1.00000,0.082064,0.16000,0.95000,0.46502,0.83708,1.17621,0.58662,1.55000,0.95205,1.54898,0.85056,1.05776,0.27854,0.37483,1.35667,0.33127,1.05994,0.27674,1.57736,0.16000,1.55000,0.57628,0.00000
4.70000,4.61535,1.00000,0.089651,0.16000,0.95000,0.55437,0.85786,1.29600,0.72185,1.55000,0.95157,1.54838,0.85031,1.05497,0.28018,0.37484,1.35668,0.38737,1.05703,0.27674,1.57736,0.16000,1.55000,0.56047,0.00000
4.70833,4.62368,1.00000,0.115710,0.16000,0.95000,0.63743,0.89353,1.39119,0.87475,1.55000,0.95108,1.54805,0.85006,1.05289,0.28144,0.37483,1.35667,0.44143,1.06425,0.27674,1.57736,0.16000,1.55000,0.54489,0.00000
4.71667,4.63202,1.00000,0.178012,0.16000,0.95000,0.71183,0.94215,1.45942,1.04020,1.55000,0.95059,1.54776,0.84985,1.05086,0.28276,0.37479,1.35665,0.49178,1.08050,0.27674,1.57736,0.16000,1.55000,0.52957,0.00000
4.72500,4.64035,1.00000,0.262828,0.16000,0.95000,0.77576,1.00146,1.49952,1.21287,1.55000,0.95010,1.54698,0.84959,1.04769,0.28460,0.37474,1.35662,0.53712,1.10447,0.27674,1.57736,0.16000,1.55000,0.51456,0.00000
4.73333,4.64868,1.00000,0.332642,0.16000,0.95000,0.82761,1.06839,1.51154,1.38580,1.55000,0.94960,1.54670,0.84937,1.04568,0.28592,0.37466,1.35657,0.57623,1.13450,0.27674,1.57736,0.16000,1.55000,0.49990,0.00000
4.74167,4.65702,1.00000,0.386480,0.16000,0.95000,0.86714,1.14068,1.49710,1.55501,1.55000,0.94911,1.54627,0.84917,1.04310,0.28764,0.37457,1.35651,0.60879,1.16919,0.27674,1.57736,0.16000,1.55000,0.48562,0.00000
4.75000,4.66535,1.00000,0.421341,0.16000,0.95000,0.89428,1.21573,1.45854,1.71584,1.55000,0.94861,1.54571,0.84896,1.04038,0.28936,0.37447,1.35645,0.63450,1.20701,0.27674,1.57736,0.16000,1.55000,0.47176,0.00000
4.75833,4.67368,1.00000,0.454142,0.16000,0.95000,0.90944,1.29086,1.39929,1.86406,1.55000,0.94811,1.54522,0.84870,1.03796,0.29085,0.37434,1.35636,0.65335,1.24638,0.27674,1.57736,0.16000,1.55000,0.45835,0.00000
4.76667,4.68202,1.00000,0.491627,0.16000,0.95000,0.91372,1.36425,1.32319,1.99737,1.55000,0.94761,1.54477,0.84848,1.03559,0.29238,0.37419,1.35628,0.66580,1.28619,0.27674,1.57736,0.16000,1.55000,0.44543,0.00000
4.77500,4.69035,1.00000,0.533091,0.16000,0.95000,0.90834,1.43441,1.23384,2.11453,1.55000,0.94711,1.54434,0.84827,1.03304,0.29413,0.37405,1.35619,0.67238,1.32541,0.27674,1.57736,0.16000,1.55000,0.43300,0.00000
4.78333,4.69868,1.00000,0.575968,0.16000,0.95000,0.89472,1.49991,1.13535,2.21448,1.55000,0.94661,1.54388,0.84806,1.03067,0.29569,0.37389,1.35609,0.67372,1.36310,0.27674,1.57736,0.16000,1.55000,0.42111,0.00000
4.79167,4.70702,1.00000,0.618355,0.16000,0.95000,0.87450,1.55970,1.03179,2.29711,1.55000,0.94612,1.54354,0.84784,1.02863,0.29704,0.37372,1.35599,0.67060,1.39850,0.27674,1.57736,0.16000,1.55000,0.40976,0.00000
4.80000,4.71535,1.00000,0.659063,0.16000,0.95000,0.84912,1.61357,0.92590,2.36365,1.55000,0.94562,1.54295,0.84764,1.02572,0.29902,0.37354,1.35588,0.66381,1.43130,0.27674,1.57736,0.16000,1.55000,0.39898,0.00000
4.80833,4.72368,1.00000,0.697450,0.16000,0.95000,0.82017,1.66111,0.82103,2.41511,1.55000,0.94512,1.54268,0.84742,1.02377,0.30039,0.37335,1.35577,0.65415,1.46112,0.27674,1.57736,0.16000,1.55000,0.38877,0.00000
4.81667,4.73202,1.00000,0.732926,0.16000,0.95000,0.78891,1.70251,0.71904,2.45326,1.55000,0.94463,1.54212,0.84717,1.02133,0.30194,0.37317,1.35567,0.64239,1.48782,0.27674,1.57736,0.16000,1.55000,0.37915,0.00000
4.82500,4.74035,1.00000,0.765363,0.16000,0.95000,0.75655,1.73807,0.62195,2.47996,1.55000,0.94414,1.54175,0.84702,1.01887,0.30378,0.37298,1.35556,0.62916,1.51150,0.27674,1.57736,0.16000,1.55000,0.37012,0.00000
4.83333,4.74868,1.00000,0.794472,0.16000,0.95000,0.72429,1.76796,0.53156,2.49692,1.55000,0.94365,1.54120,0.84677,1.01645,0.30535,0.37278,1.35545,0.61518,1.53205,0.27674,1.57736,0.16000,1.55000,0.36169,0.00000
4.84167,4.75702,1.00000,0.820540,0.16000,0.95000,0.69282,1.79295,0.44836,2.50622,1.55000,0.94316,1.54093,0.84662,1.01431,0.30700,0.37259,1.35534,0.60089,1.54983,0.27674,1.57736,0.16000,1.55000,0.35387,0.00000
4.85000,4.76535,1.00000,0.843326,0.16000,0.95000,0.66308,1.81334,0.37347,2.50951,1.55000,0.94268,1.54037,0.84638,1.01190,0.30859,0.37239,1.35523,0.58690,1.56484,0.27674,1.57736,0.16000,1.55000,0.34664,0.00000
4.85833,4.77368,1.00000,0.863466,0.16000,0.95000,0.63513,1.83005,0.30598,2.50841,1.55000,0.94220,1.54004,0.84618,1.00992,0.31001,0.37220,1.35513,0.57336,1.57757,0.27674,1.57736,0.16000,1.55000,0.34001,0.00000
4.86667,4.78202,1.00000,0.880592,0.16000,0.95000,0.60988,1.84333,0.24734,2.50445,1.55000,0.94172,1.53956,0.84601,1.00739,0.31187,0.37201,1.35503,0.56077,1.58809,0.27674,1.57736,0.16000,1.55000,0.33397,0.00000
4.87500,4.79035,1.00000,0.895272,0.16000,0.95000,0.58730,1.85388,0.19671,2.49882,1.55000,0.94125,1.53923,0.84582,1.00542,0.31332,0.37182,1.35493,0.54920,1.59676,0.27674,1.57736,0.16000,1.55000,0.32850,0.00000
4.88333,4.79868,1.00000,0.907451,0.16000,0.95000,0.56757,1.86214,0.15374,2.49243,1.55000,0.94079,1.53858,0.84561,1.00274,0.31517,0.37164,1.35484,0.53885,1.60381,0.27674,1.57736,0.16000,1.55000,0.32361,0.00000
4.89167,4.80702,1.00000,0.917509,0.16000,0.95000,0.55106,1.86846,0.11905,2.48642,1.55000,0.94032,1.53849,0.84542,1.00122,0.31641,0.37147,1.35475,0.52989,1.60940,0.27674,1.57736,0.16000,1.55000,0.31926,0.00000
4.90000,4.81535,1.00000,0.925583,0.16000,0.95000,0.53723,1.87331,0.09065,2.48082,1.55000,0.93987,1.53815,0.84525,0.99926,0.31790,0.37129,1.35466,0.52222,1.61382,0.27674,1.57736,0.16000,1.55000,0.31544,0.00000
4.90833,4.82368,1.00000,0.931719,0.16000,0.95000,0.52639,1.87691,0.06915,2.47645,1.55000,0.93942,1.53779,0.84509,0.99709,0.31960,0.37112,1.35457,0.51596,1.61720,0.27674,1.57736,0.16000,1.55000,0.31213,0.00000
4.91667,4.83202,1.00000,0.936120,0.16000,0.95000,0.51838,1.87950,0.05405,2.47357,1.55000,0.93897,1.53747,0.84493,0.99515,0.32110,0.37096,1.35449,0.51103,1.61968,0.27674,1.57736,0.16000,1.55000,0.30930,0.00000
4.92500,4.84035,1.00000,0.938893,0.16000,0.95000,0.51306,1.88127,0.04488,2.47230,1.55000,0.93853,1.53703,0.84474,0.99311,0.32257,0.37081,1.35442,0.50741,1.62141,0.27674,1.57736,0.16000,1.55000,0.30693,0.00000
4.93333,4.84868,1.00000,0.940377,0.16000,0.95000,0.51006,1.88236,0.04051,2.47231,1.55000,0.93810,1.53677,0.84459,0.99125,0.32409,0.37066,1.35434,0.50500,1.62248,0.27674,1.57736,0.16000,1.55000,0.30498,0.00000
4.94167,4.85702,1.00000,0.940762,0.16000,0.95000,0.50908,1.88295,0.04067,2.47380,1.55000,0.93768,1.53654,0.84444,0.98963,0.32541,0.37052,1.35428,0.50353,1.62308,0.27674,1.57736,0.16000,1.55000,0.30342,0.00000
4.95000,4.86535,1.00000,0.939723,0.16000,0.95000,0.51033,1.88294,0.04555,2.47666,1.55000,0.93726,1.53590,0.84424,0.98720,0.32710,0.37038,1.35421,0.50318,1.62312,0.27674,1.57736,0.16000,1.55000,0.30222,0.00000
4.95833,4.87368,1.00000,0.938151,0.16000,0.95000,0.51300,1.88255,0.05348,2.48034,1.55000,0.93685,1.53585,0.84409,0.98596,0.32821,0.37024,1.35415,0.50356,1.62280,0.27674,1.57736,0.16000,1.55000,0.30133,0.00000
4.96667,4.88202,1.00000,0.935586,0.16000,0.95000,0.51720,1.88174,0.06481,2.48496,1.55000,0.93645,1.53560,0.84397,0.98413,0.32978,0.37011,1.35409,0.50467,1.62212,0.27674,1.57736,0.16000,1.55000,0.30071,0.00000
4.97500,4.89035,1.00000,0.932438,0.16000,0.95000,0.52240,1.88061,0.07839,2.49001,1.55000,0.93606,1.53526,0.84382,0.98241,0.33111,0.36999,1.35403,0.50629,1.62118,0.27674,1.57736,0.16000,1.55000,0.30032,0.00000
4.98333,4.89868,1.00000,0.928897,0.16000,0.95000,0.52831,1.87922,0.09370,2.49536,1.55000,0.93567,1.53501,0.84367,0.98079,0.33245,0.36988,1.35398,0.50822,1.62008,0.27674,1.57736,0.16000,1.55000,0.30011,0.00000
4.99167,4.90702,1.00000,0.925240,0.16000,0.95000,0.53442,1.87771,0.10956,2.50061,1.55000,0.93530,1.53479,0.84352,0.97939,0.33357,0.36978,1.35393,0.51027,1.61891,0.27674,1.57736,0.16000,1.55000,0.30002,0.00000
5.00000,4.91535,1.00000,0.921184,0.16000,0.95000,0.54101,1.87596,0.12671,2.50594,1.55000,0.93493,1.53445,0.84339,0.97769,0.33494,0.36967,1.35388,0.51249,1.61761,0.27674,1.57736,0.16000,1.55000,0.30000,0.00000
5.00833,4.92368,1.00000,0.914472,0.16000,0.95000,0.54709,1.87432,0.14299,2.51089,1.55000,0.93000,1.53024,0.84154,0.95570,0.35326,0.36957,1.35384,0.51441,1.61646,0.27674,1.57736,0.16000,1.55000,0.30000,0.00000
5.01667,4.93202,1.00000,0.911596,0.16000,0.95000,0.55256,1.87282,0.15803,2.51536,1.54999,0.93002,1.53061,0.84145,0.95682,0.35229,0.36949,1.35380,0.51603,1.61547,0.27674,1.57736,0.16000,1.54999,0.30000,0.00000
5.02500,4.94035,1.00000,0.908841,0.16000,0.95000,0.55811,1.87122,0.17349,2.51974,1.54997,0.93006,1.53128,0.84130,0.95881,0.35060,0.36939,1.35376,0.51764,1.61447,0.27674,1.57736,0.16000,1.54997,0.30000,0.00000
5.03333,4.94868,1.00000,0.906625,0.16000,0.95000,0.56288,1.86987,0.18724,2.52364,1.54990,0.93010,1.53213,0.84114,0.96136,0.34847,0.36932,1.35373,0.51886,1.61370,0.27674,1.57736,0.16000,1.54990,0.30000,0.00000
5.04167,4.95702,1.00000,0.904621,0.16000,0.95000,0.56753,1.86851,0.20095,2.52740,1.54978,0.93016,1.53326,0.84090,0.96476,0.34561,0.36923,1.35369,0.51998,1.61297,0.27674,1.57736,0.16000,1.54978,0.30000,0.00000
5.05000,4.96535,1.00000,0.902931,0.16000,0.95000,0.57188,1.86720,0.21392,2.53081,1.54958,0.93024,1.53460,0.84060,0.96914,0.34183,0.36916,1.35366,0.52100,1.61230,0.27674,1.57736,0.16000,1.54958,0.30000,0.00000
5.05833,4.97368,1.00000,0.901450,0.16000,0.95000,0.57582,1.86600,0.22604,2.53396,1.54927,0.93032,1.53601,0.84030,0.97382,0.33786,0.36909,1.35363,0.52182,1.61174,0.27674,1.57736,0.16000,1.54927,0.30000,0.00000
5.06667,4.98202,1.00000,0.899938,0.16000,0.95000,0.57966,1.86482,0.23810,2.53702,1.54884,0.93042,1.53724,0.83995,0.97853,0.33363,0.36902,1.35360,0.52254,1.61124,0.27674,1.57736,0.16000,1.54884,0.30000,0.00000
5.07500,4.99035,1.00000,0.898999,0.16000,0.95000,0.58301,1.86379,0.24895,2.53974,1.54826,0.93054,1.53948,0.83981,0.98526,0.32859,0.36896,1.35358,0.52308,1.61087,0.27674,1.57736,0.16000,1.54826,0.30000,0.00000
5.08333,4.99868,1.00000,0.898875,0.16000,0.95000,0.58606,1.86283,0.25902,2.54221,1.54751,0.93066,1.54456,0.84062,0.99606,0.32327,0.36891,1.35355,0.52351,1.61055,0.27674,1.57736,0.16000,1.54751,0.30000,0.00000
5.09167,5.00702,1.00000,0.899326,0.16000,0.95000,0.58921,1.86183,0.26948,2.54468,1.54658,0.93079,1.55254,0.84251,1.01144,0.31742,0.36885,1.35353,0.52395,1.61023,0.27674,1.57736,0.16000,1.54658,0.30000,0.00000
5.10000,5.01535,1.00000,0.900437,0.16000,0.95000,0.59187,1.86099,0.27870,2.54688,1.54547,0.93094,1.56262,0.84545,1.03025,0.31151,0.36881,1.35351,0.52420,1.61003,0.27674,1.57736,0.16000,1.54547,0.30000,0.00000
5.10833,5.02368,1.00000,0.901923,0.16000,0.95000,0.59441,1.86016,0.28757,2.54890,1.54414,0.93110,1.57483,0.84966,1.05281,0.30559,0.36875,1.35349,0.52444,1.60983,0.27674,1.57736,0.16000,1.54414,0.30000,0.00000
5.11667,5.03202,1.00000,0.903637,0.16000,0.95000,0.59677,1.85939,0.29602,2.55081,1.54261,0.93127,1.58873,0.85522,1.07851,0.30007,0.36871,1.35347,0.52459,1.60969,0.27674,1.57736,0.16000,1.54261,0.30000,0.00000
5.12500,5.04035,1.00000,0.905213,0.16000,0.95000,0.59913,1.85861,0.30448,2.55265,1.54086,0.93145,1.60370,0.86221,1.10641,0.29546,0.36867,1.35345,0.52475,1.60955,0.27674,1.57736,0.16000,1.54086,0.30000,0.00000
5.13333,5.04868,1.00000,0.906747,0.16000,0.95000,0.60120,1.85793,0.31216,2.55433,1.53890,0.93163,1.61950,0.87071,1.13649,0.29174,0.36864,1.35344,0.52482,1.60948,0.27674,1.57736,0.16000,1.53890,0.30000,0.00000
5.14167,5.05702,1.00000,0.908035,0.16000,0.95000,0.60297,1.85735,0.31900,2.55583,1.53672,0.93183,1.63553,0.88068,1.16756,0.28948,0.36860,1.35342,0.52478,1.60946,0.27674,1.57736,0.16000,1.53672,0.30000,0.00000
5.15000,5.06535,1.00000,0.908856,0.16000,0.95000,0.60474,1.85676,0.32588,2.55730,1.53432,0.93204,1.65161,0.89215,1.20015,0.28825,0.36857,1.35341,0.52475,1.60945,0.27674,1.57736,0.16000,1.53432,0.30000,0.00000
5.15833,5.07368,1.00000,0.909113,0.16000,0.95000,0.60660,1.85609,0.33284,2.55864,1.53172,0.93226,1.66770,0.90518,1.23404,0.28837,0.36853,1.35339,0.52480,1.60937,0.27674,1.57736,0.16000,1.53172,0.30000,0.00000
5.16667,5.08202,1.00000,0.908957,0.16000,0.95000,0.60808,1.85558,0.33864,2.55979,1.52892,0.93248,1.68304,0.91946,1.26779,0.29011,0.36850,1.35338,0.52478,1.60936,0.27674,1.57736,0.16000,1.52892,0.30000,0.00000
5.17500,5.09035,1.00000,0.908249,0.16000,0.95000,0.60947,1.85508,0.34409,2.56083,1.52593,0.93272,1.69765,0.93496,1.30215,0.29301,0.36847,1.35337,0.52475,1.60935,0.27674,1.57736,0.16000,1.52593,0.30000,0.00000
5.18333,5.09868,1.00000,0.906909,0.16000,0.95000,0.61077,1.85462,0.34918,2.56178,1.52275,0.93296,1.71130,0.95159,1.33618,0.29751,0.36846,1.35336,0.52473,1.60934,0.27674,1.57736,0.16000,1.52275,0.30000,0.00000
5.19167,5.10702,1.00000,0.904960,0.16000,0.95000,0.61197,1.85417,0.35391,2.56264,1.51941,0.93321,1.72367,0.96898,1.36957,0.30330,0.36843,1.35335,0.52471,1.60933,0.27674,1.57736,0.16000,1.51941,0.30000,0.00000
5.20000,5.11535,1.00000,0.902378,0.16000,0.95000,0.61316,1.85370,0.35837,2.56334,1.51591,0.93346,1.73477,0.98702,1.40229,0.31027,0.36840,1.35334,0.52477,1.60926,0.27674,1.57736,0.16000,1.51591,0.30000,0.00000
5.20833,5.12368,1.00000,0.899376,0.16000,0.95000,0.61418,1.85332,0.36238,2.56403,1.51228,0.93373,1.74452,1.00539,1.43428,0.31817,0.36838,1.35333,0.52476,1.60925,0.27674,1.57736,0.16000,1.51228,0.30000,0.00000
5.21667,5.13202,1.00000,0.895884,0.16000,0.95000,0.61510,1.85297,0.36603,2.56464,1.50851,0.93400,1.75302,1.02418,1.46561,0.32710,0.36837,1.35333,0.52475,1.60925,0.27674,1.57736,0.16000,1.50851,0.30000,0.00000
5.22500,5.14035,1.00000,0.891841,0.16000,0.95000,0.61610,1.85255,0.36976,2.56517,1.50463,0.93428,1.76009,1.04287,1.49527,0.33690,0.36834,1.35332,0.52482,1.60918,0.27674,1.57736,0.16000,1.50463,0.30000,0.00000
5.23333,5.14868,1.00000,0.887471,0.16000,0.95000,0.61703,1.85216,0.37315,2.56563,1.50066,0.93456,1.76584,1.06141,1.52417,0.34718,0.36833,1.35331,0.52490,1.60911,0.27674,1.57736,0.16000,1.50066,0.30000,0.00000
5.24167,5.15702,1.00000,0.883010,0.16000,0.95000,0.61766,1.85191,0.37570,2.56603,1.49661,0.93485,1.77050,1.07973,1.55224,0.35800,0.36831,1.35330,0.52489,1.60911,0.27674,1.57736,0.16000,1.49661,0.30000,0.00000
5.25000,5.16535,1.00000,0.878248,0.16000,0.95000,0.61830,1.85165,0.37826,2.56642,1.49250,0.93514,1.77375,1.09730,1.57829,0.36907,0.36830,1.35330,0.52487,1.60910,0.27674,1.57736,0.16000,1.49250,0.30000,0.00000
5.25833,5.17368,1.00000,0.873213,0.16000,0.95000,0.61913,1.85130,0.38128,2.56680,1.48834,0.93544,1.77618,1.11440,1.60372,0.38038,0.36828,1.35329,0.52496,1.60903,0.27674,1.57736,0.16000,1.48834,0.30000,0.00000
5.26667,5.18202,1.00000,0.868309,0.16000,0.95000,0.61967,1.85108,0.38347,2.56712,1.48415,0.93574,1.77775,1.13082,1.62845,0.39174,0.36827,1.35329,0.52494,1.60903,0.27674,1.57736,0.16000,1.48415,0.30000,0.00000
5.27500,5.19035,1.00000,0.863308,0.16000,0.95000,0.62031,1.85079,0.38576,2.56738,1.47994,0.93605,1.77840,1.14616,1.65100,0.40300,0.36826,1.35328,0.52503,1.60896,0.27674,1.57736,0.16000,1.47994,0.30000,0.00000
5.28333,5.19868,1.00000,0.858446,0.16000,0.95000,0.62078,1.85061,0.38759,2.56765,1.47574,0.93636,1.77841,1.16075,1.67300,0.41414,0.36826,1.35328,0.52503,1.60896,0.27674,1.57736,0.16000,1.47574,0.30000,0.00000
5.29167,5.20702,1.00000,0.853572,0.16000,0.95000,0.62142,1.85032,0.38988,2.56789,1.47156,0.93668,1.77801,1.17443,1.69383,0.42514,0.36824,1.35328,0.52511,1.60890,0.27674,1.57736,0.16000,1.47156,0.30000,0.00000
5.30000,5.21535,1.00000,0.849054,0.16000,0.95000,0.62177,1.85017,0.39134,2.56809,1.46741,0.93700,1.77701,1.18695,1.71384,0.43560,0.36823,1.35327,0.52510,1.60889,0.27674,1.57736,0.16000,1.46741,0.30000,0.00000
5.30833,5.22368,1.00000,0.844702,0.16000,0.95000,0.62214,1.85002,0.39281,2.56830,1.46331,0.93732,1.77571,1.19847,1.73215,0.44573,0.36823,1.35327,0.52510,1.60889,0.27674,1.57736,0.16000,1.46331,0.30000,0.00000
5.31667,5.23202,1.00000,0.840441,0.16000,0.95000,0.62269,1.84977,0.39474,2.56848,1.45926,0.93764,1.77424,1.20907,1.75004,0.45545,0.36821,1.35326,0.52518,1.60883,0.27674,1.57736,0.16000,1.45926,0.30000,0.00000
5.32500,5.24035,1.00000,0.836648,0.16000,0.95000,0.62297,1.84966,0.39584,2.56863,1.45529,0.93797,1.77248,1.21843,1.76649,0.46444,0.36821,1.35326,0.52518,1.60883,0.27674,1.57736,0.16000,1.45529,0.30000,0.00000
5.33333,5.24868,1.00000,0.832895,0.16000,0.95000,0.62351,1.84940,0.39777,2.56881,1.45141,0.93830,1.77070,1.22696,1.78264,0.47305,0.36820,1.35326,0.52526,1.60876,0.27674,1.57736,0.16000,1.45141,0.30000,0.00000
5.34167,5.25702,1.00000,0.829633,0.16000,0.95000,0.62379,1.84929,0.39887,2.56896,1.44762,0.93863,1.76892,1.23456,1.79763,0.48110,0.36820,1.35326,0.52526,1.60876,0.27674,1.57736,0.16000,1.44762,0.30000,0.00000
5.35000,5.26535,1.00000,0.826736,0.16000,0.95000,0.62396,1.84921,0.39959,2.56905,1.44394,0.93896,1.76699,1.24103,1.81187,0.48836,0.36819,1.35325,0.52525,1.60875,0.27674,1.57736,0.16000,1.44394,0.30000,0.00000
5.35833,5.27368,1.00000,0.824088,0.16000,0.95000,0.62423,1.84909,0.40070,2.56920,1.44038,0.93929,1.76517,1.24655,1.82505,0.49493,0.36819,1.35325,0.52525,1.60875,0.27674,1.57736,0.16000,1.44038,0.30000,0.00000
5.36667,5.28202,1.00000,0.821646,0.16000,0.95000,0.62460,1.84891,0.40189,2.56927,1.43694,0.93963,1.76345,1.25133,1.83774,0.50099,0.36817,1.35325,0.52533,1.60869,0.27674,1.57736,0.16000,1.43694,0.30000,0.00000
5.37500,5.29035,1.00000,0.819573,0.16000,0.95000,0.62478,1.84884,0.40262,2.56937,1.43363,0.93996,1.76158,1.25506,1.84909,0.50615,0.36817,1.35325,0.52533,1.60869,0.27674,1.57736,0.16000,1.43363,0.30000,0.00000
5.38333,5.29868,1.00000,0.817821,0.16000,0.95000,0.62496,1.84876,0.40336,2.56946,1.43046,0.94030,1.75984,1.25789,1.85940,0.51049,0.36817,1.35325,0.52533,1.60869,0.27674,1.57736,0.16000,1.43046,0.30000,0.00000
5.39167,5.30702,1.00000,0.816284,0.16000,0.95000,0.62515,1.84868,0.40410,2.56955,1.42744,0.94063,1.75822,1.26022,1.87010,0.51456,0.36817,1.35325,0.52533,1.60869,0.27674,1.57736,0.16000,1.42744,0.30000,0.00000
5.40000,5.31535,1.00000,0.814840,0.16000,0.95000,0.62551,1.84850,0.40529,2.56963,1.42456,0.94096,1.75671,1.26188,1.87944,0.51793,0.36816,1.35324,0.52542,1.60862,0.27674,1.57736,0.16000,1.42456,0.30000,0.00000
5.40833,5.32368,1.00000,0.813786,0.16000,0.95000,0.62560,1.84847,0.40566,2.56967,1.42184,0.94130,1.75525,1.26305,1.88881,0.52097,0.36816,1.35324,0.52542,1.60862,0.27674,1.57736,0.16000,1.42184,0.30000,0.00000
5.41667,5.33202,1.00000,0.812767,0.16000,0.95000,0.62578,1.84839,0.40639,2.56976,1.41927,0.94163,1.75369,1.26363,1.89677,0.52332,0.36816,1.35324,0.52542,1.60862,0.27674,1.57736,0.16000,1.41927,0.30000,0.00000
5.42500,5.34035,1.00000,0.811880,0.16000,0.95000,0.62588,1.84835,0.40676,2.56981,1.41685,0.94196,1.75199,1.26373,1.90287,0.52498,0.36816,1.35324,0.52542,1.60862,0.27674,1.57736,0.16000,1.41685,0.30000,0.00000
5.43333,5.34868,1.00000,0.810787,0.16000,0.95000,0.62623,1.84817,0.40795,2.56988,1.41458,0.94228,1.75015,1.26355,1.90840,0.52633,0.36814,1.35324,0.52550,1.60856,0.27674,1.57736,0.16000,1.41458,0.30000,0.00000
5.44167,5.35702,1.00000,0.809925,0.16000,0.95000,0.62633,1.84813,0.40832,2.56992,1.41247,0.94261,1.74838,1.26341,1.91341,0.52768,0.36814,1.35324,0.52550,1.60856,0.27674,1.57736,0.16000,1.41247,0.30000,0.00000
5.45000,5.36535,1.00000,0.809080,0.16000,0.95000,0.62642,1.84809,0.40869,2.56997,1.41050,0.94293,1.74657,1.26312,1.91752,0.52875,0.36814,1.35324,0.52550,1.60856,0.27674,1.57736,0.16000,1.41050,0.30000,0.00000
5.45833,5.37368,0.99958,0.807888,0.16000,0.94999,0.62679,1.84787,0.40962,2.56992,1.40868,0.94325,1.74452,1.26283,1.92054,0.52965,0.36824,1.35316,0.52569,1.60842,0.27692,1.57732,0.16000,1.40868,0.30000,0.00000
5.46667,5.38199,0.99629,0.806921,0.16000,0.94998,0.62639,1.84814,0.40894,2.57010,1.40700,0.94357,1.74202,1.26298,1.92056,0.53042,0.36812,1.35327,0.52538,1.60865,0.27664,1.57736,0.16000,1.40700,0.30000,0.00000
5.47500,5.39026,0.98993,0.804981,0.16000,0.94995,0.62642,1.84808,0.40925,2.57013,1.40546,0.94388,1.73865,1.26364,1.91663,0.53094,0.36806,1.35325,0.52532,1.60863,0.27658,1.57734,0.16000,1.40546,0.30000,0.00000
5.48333,5.39845,0.98084,0.802492,0.16000,0.94992,0.62635,1.84808,0.40945,2.57021,1.40405,0.94418,1.73398,1.26414,1.90662,0.53017,0.36789,1.35328,0.52515,1.60866,0.27634,1.57735,0.16000,1.40405,0.30000,0.00000
5.49167,5.40656,0.96949,0.799471,0.16000,0.94987,0.62573,1.84837,0.40828,2.57034,1.40277,0.94448,1.72773,1.26507,1.88965,0.52865,0.36766,1.35338,0.52472,1.60888,0.27593,1.57737,0.16000,1.40277,0.30000,0.00000
5.50000,5.41455,0.95644,0.795016,0.16000,0.94982,0.62542,1.84847,0.40796,2.57043,1.40161,0.94477,1.71947,1.26642,1.86441,0.52647,0.36744,1.35341,0.52441,1.60897,0.27563,1.57737,0.16000,1.40161,0.30000,0.00000
5.50833,5.42244,0.94232,0.789094,0.16000,0.94976,0.62495,1.84870,0.40722,2.57057,1.40056,0.94504,1.70854,1.26835,1.82842,0.52393,0.36727,1.35348,0.52404,1.60916,0.27523,1.57737,0.16000,1.40056,0.30000,0.00000
5.51667,5.43020,0.92773,0.782005,0.16000,0.94969,0.62428,1.84900,0.40627,2.57080,1.39961,0.94532,1.69556,1.27090,1.78595,0.52233,0.36687,1.35363,0.52345,1.60943,0.27458,1.57742,0.16000,1.39961,0.30000,0.00000
5.52500,5.43784,0.91326,0.773655,0.16000,0.94961,0.62387,1.84911,0.40559,2.57082,1.39875,0.94558,1.68096,1.27397,1.73883,0.52219,0.36666,1.35364,0.52313,1.60950,0.27428,1.57739,0.16000,1.39875,0.30000,0.00000
5.53333,5.44536,0.89945,0.764659,0.16000,0.94953,0.62300,1.84950,0.40416,2.57105,1.39798,0.94583,1.66490,1.27757,1.68813,0.52392,0.36627,1.35377,0.52245,1.60981,0.27357,1.57743,0.16000,1.39798,0.30000,0.00000
5.54167,5.45278,0.88674,0.754856,0.16000,0.94944,0.62204,1.84993,0.40237,2.57122,1.39728,0.94607,1.64754,1.28166,1.63520,0.52776,0.36588,1.35390,0.52176,1.61012,0.27292,1.57745,0.16000,1.39728,0.30000,0.00000
5.55000,5.46010,0.87552,0.744265,0.16000,0.94935,0.62107,1.85038,0.40085,2.57150,1.39664,0.94631,1.62908,1.28626,1.58091,0.53379,0.36539,1.35410,0.52098,1.61049,0.27204,1.57750,0.16000,1.39664,0.30000,0.00000
5.55833,5.46733,0.86610,0.732583,0.16000,0.94925,0.62061,1.85047,0.40011,2.57151,1.39606,0.94654,1.60958,1.29125,1.52512,0.54199,0.36511,1.35409,0.52061,1.61055,0.27168,1.57746,0.16000,1.39606,0.30000,0.00000
5.56667,5.47450,0.85870,0.720611,0.16000,0.94915,0.61964,1.85087,0.39832,2.57166,1.39554,0.94676,1.58927,1.29697,1.46958,0.55252,0.36472,1.35420,0.51992,1.61084,0.27103,1.57746,0.16000,1.39554,0.30000,0.00000
5.57500,5.48162,0.85351,0.708288,0.16000,0.94904,0.61842,1.85141,0.39627,2.57194,1.39506,0.94697,1.56814,1.30292,1.41375,0.56489,0.36417,1.35438,0.51898,1.61126,0.27009,1.57751,0.16000,1.39506,0.30000,0.00000
5.58333,5.48872,0.85062,0.695331,0.16000,0.94892,0.61740,1.85181,0.39441,2.57208,1.39462,0.94718,1.54645,1.30955,1.35911,0.57920,0.36372,1.35449,0.51823,1.61154,0.26938,1.57751,0.16000,1.39462,0.30000,0.00000
5.59167,5.49580,0.85009,0.681927,0.16000,0.94880,0.61637,1.85223,0.39283,2.57233,1.39422,0.94739,1.52422,1.31670,1.30541,0.59515,0.36317,1.35466,0.51738,1.61189,0.26843,1.57754,0.16000,1.39422,0.30000,0.00000
5.60000,5.50290,0.85194,0.667758,0.16000,0.94868,0.61554,1.85246,0.39145,2.57239,1.39385,0.94758,1.50108,1.32447,1.25285,0.61250,0.36272,1.35469,0.51674,1.61205,0.26777,1.57751,0.16000,1.39385,0.30000,0.00000
5.60833,5.51002,0.85611,0.656171,0.16000,0.94855,0.61407,1.85309,0.38888,2.57267,1.39351,0.94777,1.48242,1.33368,1.21922,0.62710,0.36202,1.35493,0.51564,1.61252,0.26664,1.57757,0.16000,1.39351,0.30000,0.00000
5.61667,5.51719,0.86252,0.646732,0.16000,0.94841,0.61279,1.85359,0.38677,2.57292,1.39320,0.94796,1.46952,1.34655,1.21529,0.63670,0.36141,1.35509,0.51463,1.61291,0.26564,1.57758,0.16000,1.39320,0.30000,0.00000
5.62500,5.52443,0.87101,0.637423,0.16000,0.94826,0.61163,1.85398,0.38478,2.57304,1.39291,0.94814,1.45998,1.36607,1.24282,0.64402,0.36082,1.35519,0.51375,1.61318,0.26479,1.57757,0.16000,1.39291,0.30000,0.00000
5.63333,5.53175,0.88138,0.627303,0.16000,0.94811,0.61025,1.85450,0.38230,2.57322,1.39264,0.94832,1.45242,1.39432,1.30849,0.65419,0.36021,1.35533,0.51274,1.61356,0.26378,1.57757,0.16000,1.39264,0.30000,0.00000
5.64167,5.53917,0.89336,0.615617,0.16000,0.94795,0.60874,1.85505,0.37968,2.57341,1.39240,0.94849,1.44367,1.42696,1.39489,0.67454,0.35946,1.35549,0.51160,1.61395,0.26264,1.57758,0.16000,1.39240,0.30000,0.00000
5.65000,5.54670,0.90661,0.602582,0.16000,0.94779,0.60731,1.85554,0.37743,2.57364,1.39217,0.94865,1.43223,1.45874,1.48111,0.70633,0.35871,1.35564,0.51045,1.61434,0.26150,1.57759,0.16000,1.39217,0.30000,0.00000
5.65833,5.55434,0.92072,0.588382,0.16000,0.94761,0.60574,1.85607,0.37476,2.57382,1.39196,0.94881,1.41792,1.48892,1.56335,0.74908,0.35790,1.35578,0.50924,1.61471,0.26035,1.57759,0.16000,1.39196,0.30000,0.00000
5.66667,5.56211,0.93520,0.573056,0.16000,0.94743,0.60422,1.85658,0.37214,2.57397,1.39177,0.94896,1.40127,1.51741,1.64029,0.80230,0.35715,1.35591,0.50810,1.61508,0.25921,1.57757,0.16000,1.39177,0.30000,0.00000
5.67500,5.56999,0.94952,0.556847,0.16000,0.94724,0.60255,1.85715,0.36937,2.57419,1.39159,0.94911,1.38250,1.54390,1.70985,0.86467,0.35625,1.35611,0.50680,1.61550,0.25783,1.57758,0.16000,1.39159,0.30000,0.00000
5.68333,5.57799,0.96309,0.539921,0.16000,0.94704,0.60064,1.85777,0.36608,2.57436,1.39143,0.94925,1.36190,1.56835,1.77116,0.93508,0.35530,1.35625,0.50535,1.61593,0.25649,1.57758,0.16000,1.39143,0.30000,0.00000
5.69167,5.58609,0.97530,0.522256,0.16000,0.94684,0.59899,1.85827,0.36333,2.57450,1.39128,0.94937,1.34007,1.59060,1.82287,1.01145,0.35442,1.35638,0.50407,1.61629,0.25521,1.57756,0.16000,1.39128,0.30000,0.00000
5.70000,5.59428,0.98556,0.504310,0.16000,0.94662,0.59727,1.85876,0.36051,2.57463,1.39115,0.94949,1.31753,1.61085,1.86482,1.09221,0.35347,1.35650,0.50272,1.61664,0.25387,1.57753,0.16000,1.39115,0.30000,0.00000
5.70833,5.60255,0.99336,0.486451,0.16000,0.94640,0.59541,1.85927,0.35756,2.57478,1.39103,0.94960,1.29470,1.62887,1.89651,1.17463,0.35238,1.35663,0.50124,1.61700,0.25239,1.57752,0.16000,1.39103,0.30000,0.00000
5.71667,5.61086,0.99826,0.468625,0.16000,0.94618,0.59358,1.85972,0.35463,2.57486,1.39092,0.94970,1.27177,1.64501,1.91880,1.25788,0.35132,1.35671,0.49978,1.61731,0.25102,1.57748,0.16000,1.39092,0.30000,0.00000
5.72500,5.61919,1.00000,0.451234,0.16000,0.94594,0.59200,1.86006,0.35223,2.57492,1.39082,0.94978,1.24948,1.65916,1.93196,1.33862,0.35032,1.35677,0.49848,1.61754,0.24971,1.57743,0.16000,1.39082,0.30000,0.00000
5.73333,5.62752,1.00000,0.434988,0.16000,0.94571,0.58974,1.86068,0.34860,2.57508,1.39073,0.94985,1.22809,1.67181,1.93772,1.41699,0.34903,1.35692,0.49668,1.61798,0.24803,1.57743,0.16000,1.39073,0.30000,0.00000
5.74167,5.63586,1.00000,0.419896,0.16000,0.94547,0.58793,1.86106,0.34569,2.57509,1.39065,0.94991,1.20936,1.68450,1.93853,1.49261,0.34789,1.35699,0.49524,1.61822,0.24658,1.57739,0.16000,1.39065,0.30000,0.00000
5.75000,5.64419,1.00000,0.416962,0.16000,0.94522,0.58639,1.86121,0.34360,2.57505,1.39058,0.94995,1.21927,1.72048,1.96157,1.58816,0.34673,1.35696,0.49389,1.61830,0.24529,1.57732,0.16000,1.39058,0.30000,0.00000
5.75833,5.65252,1.00000,0.418638,0.16000,0.94497,0.58448,1.86150,0.34060,2.57497,1.39052,0.94998,1.23350,1.75425,1.98352,1.67689,0.34550,1.35693,0.49236,1.61844,0.24392,1.57726,0.16000,1.39052,0.30000,0.00000
5.76667,5.66086,1.00000,0.423088,0.16000,0.94472,0.58279,1.86167,0.33836,2.57495,1.39046,0.95000,1.24965,1.78353,2.00318,1.75693,0.34420,1.35692,0.49085,1.61854,0.24242,1.57722,0.16000,1.39046,0.30000,0.00000
5.77500,5.66919,1.00000,0.430616,0.16000,0.94446,0.58052,1.86213,0.33473,2.57495,1.39041,0.95000,1.26780,1.80806,2.02155,1.82714,0.34280,1.35698,0.48905,1.61883,0.24071,1.57717,0.16000,1.39041,0.30000,0.00000
5.78333,5.67752,1.00000,0.441456,0.16000,0.94420,0.57889,1.86216,0.33283,2.57488,1.39037,0.95000,1.28955,1.82569,2.04179,1.87711,0.34136,1.35692,0.48751,1.61882,0.23931,1.57714,0.16000,1.39037,0.30000,0.00000
5.79167,5.68586,1.00000,0.464305,0.16000,0.94394,0.57781,1.86179,0.33174,2.57451,1.39033,0.95000,1.32510,1.82576,2.07861,1.85293,0.34007,1.35666,0.48643,1.61845,0.23830,1.57705,0.16000,1.39033,0.30000,0.00000
5.80000,5.69419,1.00000,0.488751,0.16000,0.94367,0.57600,1.86189,0.32938,2.57443,1.39029,0.95000,1.36173,1.82114,2.11573,1.81882,0.33865,1.35658,0.48480,1.61848,0.23683,1.57697,0.16000,1.39029,0.30000,0.00000
5.80833,5.70252,1.00000,0.513335,0.16000,0.94340,0.57436,1.86179,0.32748,2.57423,1.39026,0.95000,1.39828,1.81241,2.15148,1.77771,0.33711,1.35644,0.48326,1.61834,0.23535,1.57692,0.16000,1.39026,0.30000,0.00000
5.81667,5.71086,1.00000,0.537499,0.16000,0.94313,0.57315,1.86138,0.32626,2.57381,1.39023,0.95000,1.43403,1.79981,2.18480,1.73021,0.33569,1.35614,0.48205,1.61793,0.23430,1.57681,0.16000,1.39023,0.30000,0.00000
5.82500,5.71919,1.00000,0.561288,0.16000,0.94286,0.57188,1.86095,0.32526,2.57348,1.39020,0.95000,1.46852,1.78369,2.21498,1.67734,0.33412,1.35586,0.48068,1.61754,0.23310,1.57673,0.16000,1.39020,0.30000,0.00000
5.83333,5.72752,1.00000,0.584718,0.16000,0.94259,0.57026,1.86064,0.32364,2.57317,1.39018,0.95000,1.50133,1.76437,2.24129,1.61952,0.33241,1.35560,0.47906,1.61723,0.23175,1.57667,0.16000,1.39018,0.30000,0.00000
5.84167,5.73586,1.00000,0.607042,0.16000,0.94231,0.56893,1.86024,0.32232,2.57277,1.39016,0.95000,1.53195,1.74250,2.26321,1.55871,0.33088,1.35531,0.47774,1.61683,0.23055,1.57658,0.16000,1.39016,0.30000,0.00000
5.85000,5.74419,1.00000,0.628478,0.16000,0.94203,0.56765,1.85965,0.32158,2.57237,1.39014,0.95000,1.56042,1.71810,2.28042,1.49424,0.32911,1.35496,0.47627,1.61630,0.22932,1.57650,0.16000,1.39014,0.30000,0.00000
5.85833,5.75252,1.00000,0.648510,0.16000,0.94175,0.56662,1.85894,0.32110,2.57184,1.39013,0.95000,1.58618,1.69217,2.29272,1.42890,0.32750,1.35454,0.47505,1.61566,0.22831,1.57639,0.16000,1.39013,0.30000,0.00000
5.86667,5.76086,1.00000,0.667143,0.16000,0.94147,0.56588,1.85801,0.32117,2.57120,1.39011,0.95000,1.60928,1.66494,2.30010,1.36281,0.32597,1.35401,0.47403,1.61484,0.22758,1.57624,0.16000,1.39011,0.30000,0.00000
5.87500,5.76919,1.00000,0.685338,0.16000,0.94118,0.56403,1.85775,0.31933,2.57094,1.39010,0.95000,1.62973,1.63689,2.30283,1.29709,0.32402,1.35380,0.47218,1.61458,0.22587,1.57619,0.16000,1.39010,0.30000,0.00000
5.88333,5.77752,1.00000,0.701949,0.16000,0.94090,0.56268,1.85728,0.31798,2.57047,1.39009,0.95000,1.64755,1.60847,2.30115,1.23254,0.32248,1.35345,0.47083,1.61411,0.22477,1.57606,0.16000,1.39009,0.30000,0.00000
5.89167,5.78586,1.00000,0.717100,0.16000,0.94062,0.56163,1.85670,0.31747,2.57008,1.39008,0.95000,1.66287,1.58000,2.29551,1.16979,0.32093,1.35311,0.46959,1.61361,0.22369,1.57595,0.16000,1.39008,0.30000,0.00000
5.90000,5.79419,1.00000,0.731692,0.16000,0.94033,0.55960,1.85667,0.31490,2.56986,1.39007,0.95000,1.67577,1.55202,2.28651,1.10985,0.31920,1.35295,0.46775,1.61350,0.22201,1.57588,0.16000,1.39007,0.30000,0.00000
5.90833,5.80252,1.00000,0.744596,0.16000,0.94005,0.55828,1.85615,0.31358,2.56934,1.39006,0.95000,1.68649,1.52457,2.27443,1.05252,0.31768,1.35254,0.46643,1.61298,0.22094,1.57569,0.16000,1.39006,0.30000,0.00000
5.91667,5.81086,1.00000,0.756642,0.16000,0.93976,0.55645,1.85592,0.31147,2.56901,1.39006,0.95000,1.69517,1.49822,2.26020,0.99897,0.31594,1.35227,0.46470,1.61271,0.21940,1.57554,0.16000,1.39006,0.30000,0.00000
5.92500,5.81919,1.00000,0.767600,0.16000,0.93948,0.55468,1.85582,0.30915,2.56872,1.39005,0.95000,1.70208,1.47306,2.24435,0.94917,0.31446,1.35205,0.46311,1.61254,0.21802,1.57538,0.16000,1.39005,0.30000,0.00000
5.93333,5.82752,1.00000,0.778055,0.16000,0.93919,0.55234,1.85635,0.30544,2.56878,1.39004,0.95000,1.70744,1.44920,2.22735,0.90311,0.31308,1.35212,0.46123,1.61290,0.21620,1.57531,0.16000,1.39004,0.30000,0.00000
5.94167,5.83586,1.00000,0.787104,0.16000,0.93891,0.55044,1.85645,0.30273,2.56860,1.39004,0.95000,1.71144,1.42696,2.20981,0.86115,0.31167,1.35201,0.45962,1.61290,0.21465,1.57517,0.16000,1.39004,0.30000,0.00000
5.95000,5.84419,1.00000,0.795807,0.16000,0.93863,0.54787,1.85707,0.29825,2.56855,1.39003,0.95000,1.71434,1.40642,2.19245,0.82339,0.31035,1.35204,0.45770,1.61327,0.21292,1.57506,0.16000,1.39003,0.30000,0.00000
5.95833,5.85252,1.00000,0.803586,0.16000,0.93834,0.54530,1.85770,0.29404,2.56860,1.39003,0.95000,1.71632,1.38775,2.17563,0.78980,0.30894,1.35212,0.45570,1.61369,0.21096,1.57495,0.16000,1.39003,0.30000,0.00000
5.96667,5.86086,1.00000,0.810802,0.16000,0.93806,0.54256,1.85849,0.28939,2.56872,1.39003,0.95000,1.71761,1.37068,2.15953,0.75976,0.30756,1.35229,0.45361,1.61425,0.20893,1.57485,0.16000,1.39003,0.30000,0.00000
5.97500,5.86919,1.00000,0.816919,0.16000,0.93778,0.54019,1.85913,0.28539,2.56878,1.39002,0.95000,1.71837,1.35584,2.14518,0.73427,0.30636,1.35239,0.45181,1.61469,0.20715,1.57473,0.16000,1.39002,0.30000,0.00000
5.98333,5.87752,1.00000,0.822657,0.16000,0.93751,0.53760,1.85990,0.28089,2.56886,1.39002,0.95000,1.71876,1.34245,2.13188,0.71169,0.30512,1.35253,0.44987,1.61522,0.20526,1.57460,0.16000,1.39002,0.30000,0.00000
5.99167,5.88586,1.00000,0.827986,0.16000,0.93723,0.53467,1.86092,0.27579,2.56908,1.39002,0.95000,1.71893,1.33112,2.12061,0.69302,0.30386,1.35278,0.44769,1.61596,0.20311,1.57451,0.16000,1.39002,0.30000,0.00000
6.00000,5.89419,1.00000,0.832515,0.16000,0.93696,0.53207,1.86180,0.27102,2.56917,1.39002,0.95000,1.71900,1.32175,2.11159,0.67802,0.30281,1.35296,0.44584,1.61658,0.20133,1.57438,0.16000,1.39002,0.30000,0.00000
6.00833,5.90252,1.00000,0.836584,0.16000,0.93668,0.52941,1.86269,0.26619,2.56925,1.39002,0.95000,1.71904,1.31404,2.10445,0.66599,0.30172,1.35314,0.44394,1.61720,0.19949,1.57425,0.16000,1.39002,0.30000,0.00000
6.01667,5.91086,1.00000,0.840367,0.16000,0.93641,0.52646,1.86372,0.26107,2.56947,1.39001,0.95000,1.71914,1.30809,2.09956,0.65710,0.30043,1.35342,0.44173,1.61797,0.19730,1.57414,0.16000,1.39001,0.30000,0.00000
6.02500,5.91919,1.00000,0.843513,0.16000,0.93615,0.52383,1.86463,0.25628,2.56957,1.39001,0.95000,1.71933,1.30380,2.09676,0.65106,0.29937,1.35364,0.43986,1.61863,0.19537,1.57401,0.16000,1.39001,0.30000,0.00000
6.03333,5.92752,1.00000,0.846725,0.16000,0.93588,0.52060,1.86587,0.25035,2.56978,1.39001,0.95000,1.71963,1.30096,2.09581,0.64750,0.29820,1.35397,0.43758,1.61955,0.19321,1.57389,0.16000,1.39001,0.30000,0.00000
6.04167,5.93586,1.00000,0.849088,0.16000,0.93562,0.51797,1.86677,0.24556,2.56984,1.39001,0.95000,1.72011,1.29977,2.09729,0.64689,0.29714,1.35419,0.43570,1.62019,0.19134,1.57375,0.16000,1.39001,0.30000,0.00000
6.05000,5.94419,1.00000,0.851064,0.16000,0.93537,0.51543,1.86767,0.24086,2.56990,1.39001,0.95000,1.72072,1.29993,2.10040,0.64850,0.29617,1.35441,0.43391,1.62084,0.18954,1.57360,0.16000,1.39001,0.30000,0.00000
6.05833,5.95252,1.00000,0.853061,0.16000,0.93511,0.51244,1.86880,0.23545,2.57008,1.39001,0.95000,1.72143,1.30124,2.10510,0.65215,0.29506,1.35473,0.43178,1.62169,0.18745,1.57347,0.16000,1.39001,0.30000,0.00000
6.06667,5.96086,1.00000,0.854536,0.16000,0.93486,0.50975,1.86978,0.23061,2.57021,1.39001,0.95000,1.72226,1.30380,2.11139,0.65797,0.29405,1.35500,0.42985,1.62243,0.18555,1.57333,0.16000,1.39001,0.30000,0.00000
6.07500,5.96919,1.00000,0.855418,0.16000,0.93461,0.50755,1.87053,0.22653,2.57021,1.39001,0.95000,1.72315,1.30730,2.11895,0.66554,0.29323,1.35518,0.42831,1.62296,0.18394,1.57317,0.16000,1.39001,0.30000,0.00000
6.08333,5.97752,1.00000,0.856545,0.16000,0.93437,0.50463,1.87164,0.22119,2.57034,1.39001,0.95000,1.72410,1.31186,2.12775,0.67500,0.29219,1.35550,0.42625,1.62380,0.18193,1.57302,0.16000,1.39001,0.30000,0.00000
6.09167,5.98586,1.00000,0.857374,0.16000,0.93413,0.50183,1.87264,0.21598,2.57036,1.39000,0.95000,1.72507,1.31715,2.13748,0.68593,0.29118,1.35577,0.42430,1.62453,0.18003,1.57287,0.16000,1.39000,0.30000,0.00000
6.10000,5.99419,1.00000,0.857978,0.16000,0.93390,0.49912,1.87361,0.21113,2.57045,1.39000,0.95000,1.72599,1.32288,2.14755,0.69774,0.29016,1.35604,0.42235,1.62527,0.17812,1.57272,0.16000,1.39000,0.30000,0.00000
6.10833,6.00252,1.00000,0.858215,0.16000,0.93367,0.49668,1.87448,0.20656,2.57044,1.39000,0.95000,1.72687,1.32926,2.15821,0.71082,0.28931,1.35627,0.42068,1.62590,0.17646,1.57256,0.16000,1.39000,0.30000,0.00000
6.11667,6.01086,1.00000,0.858687,0.16000,0.93345,0.49374,1.87558,0.20122,2.57052,1.39000,0.95000,1.72770,1.33596,2.16918,0.72472,0.28826,1.35660,0.41860,1.62673,0.17445,1.57241,0.16000,1.39000,0.30000,0.00000
6.12500,6.01919,1.00000,0.858559,0.16000,0.93323,0.49158,1.87631,0.19720,2.57047,1.39000,0.95000,1.72843,1.34267,2.17993,0.73880,0.28750,1.35678,0.41711,1.62726,0.17297,1.57224,0.16000,1.39000,0.30000,0.00000
6.13333,6.02752,1.00000,0.858474,0.16000,0.93301,0.48919,1.87719,0.19295,2.57055,1.39000,0.95000,1.72909,1.34971,2.19094,0.75372,0.28661,1.35707,0.41539,1.62794,0.17120,1.57208,0.16000,1.39000,0.30000,0.00000
6.14167,6.03586,1.00000,0.858339,0.16000,0.93281,0.48703,1.87792,0.18893,2.57049,1.39000,0.95000,1.72965,1.35624,2.20127,0.76794,0.28584,1.35725,0.41390,1.62848,0.16972,1.57191,0.16000,1.39000,0.30000,0.00000
6.15000,6.04419,1.00000,0.878996,0.16000,0.93001,0.45451,1.88879,0.12981,2.56929,1.39000,0.95000,1.73013,1.36256,2.21116,0.78194,0.27438,1.36040,0.39109,1.63670,0.14754,1.56927,0.16000,1.39000,0.30000,0.00000
6.15833,6.05252,1.00000,0.877830,0.16000,0.93003,0.45397,1.88904,0.12875,2.56930,1.39001,0.95001,1.73052,1.36864,2.22062,0.79565,0.27424,1.36052,0.39074,1.63691,0.14724,1.56929,0.16000,1.39001,0.30000,0.00000
6.16667,6.06086,1.00000,0.876466,0.15998,0.93007,0.45380,1.88923,0.12857,2.56948,1.39002,0.95003,1.73082,1.37435,2.22966,0.80895,0.27417,1.36066,0.39057,1.63709,0.14701,1.56933,0.15998,1.39002,0.30000,0.00000
6.17500,6.06919,1.00000,0.875726,0.15994,0.93013,0.45293,1.88963,0.12693,2.56951,1.39006,0.95006,1.73117,1.37968,2.23819,0.82161,0.27391,1.36086,0.38999,1.63742,0.14657,1.56938,0.15994,1.39006,0.30000,0.00000
6.18333,6.07752,1.00000,0.874597,0.15987,0.93020,0.45250,1.88991,0.12623,2.56967,1.39013,0.95009,1.73127,1.38483,2.24636,0.83420,0.27379,1.36103,0.38965,1.63768,0.14633,1.56946,0.15987,1.39013,0.30000,0.00000
6.19167,6.08586,1.00000,0.874133,0.15975,0.93029,0.45152,1.89040,0.12447,2.56978,1.39025,0.95013,1.73164,1.38950,2.25408,0.84584,0.27342,1.36131,0.38897,1.63809,0.14570,1.56954,0.15975,1.39025,0.30000,0.00000
6.20000,6.09419,1.00000,0.873693,0.15957,0.93040,0.45021,1.89106,0.12212,2.56994,1.39043,0.95017,1.73172,1.39441,2.26182,0.85822,0.27303,1.36165,0.38804,1.63866,0.14496,1.56965,0.15957,1.39043,0.30000,0.00000
6.20833,6.10252,1.00000,0.873487,0.15931,0.93053,0.44895,1.89166,0.12008,2.57016,1.39069,0.95023,1.73201,1.39867,2.26886,0.86923,0.27248,1.36200,0.38707,1.63918,0.14414,1.56977,0.15931,1.39069,0.30000,0.00000
6.21667,6.11086,1.00000,0.873408,0.15897,0.93066,0.44777,1.89223,0.11812,2.57036,1.39103,0.95028,1.73244,1.40254,2.27554,0.87951,0.27202,1.36233,0.38619,1.63969,0.14341,1.56990,0.15897,1.39103,0.30000,0.00000
6.22500,6.11919,1.00000,0.873855,0.15852,0.93082,0.44559,1.89316,0.11438,2.57053,1.39148,0.95035,1.73270,1.40670,2.28238,0.89059,0.27117,1.36281,0.38459,1.64048,0.14211,1.57005,0.15852,1.39148,0.30000,0.00000
6.23333,6.12752,1.00000,0.874411,0.15796,0.93099,0.44361,1.89399,0.11110,2.57072,1.39204,0.95042,1.73313,1.41025,2.28852,0.90029,0.27031,1.36326,0.38309,1.64119,0.14088,1.57021,0.15796,1.39204,0.30000,0.00000
6.24167,6.13586,1.00000,0.875216,0.15729,0.93117,0.44150,1.89483,0.10770,2.57092,1.39271,0.95050,1.73378,1.41357,2.29461,0.90960,0.26933,1.36372,0.38147,1.64191,0.13953,1.57038,0.15729,1.39271,0.30000,0.00000
6.25000,6.14419,1.00000,0.875858,0.15649,0.93136,0.43960,1.89561,0.10475,2.57118,1.39352,0.95058,1.73438,1.41688,2.30059,0.91896,0.26834,1.36420,0.37995,1.64260,0.13819,1.57057,0.15649,1.39352,0.30000,0.00000
6.25833,6.15252,1.00000,0.877084,0.15555,0.93157,0.43712,1.89651,0.10098,2.57144,1.39445,0.95067,1.73516,1.41972,2.30612,0.92726,0.26710,1.36469,0.37796,1.64338,0.13663,1.57077,0.15555,1.39445,0.30000,0.00000
6.26667,6.16086,1.00000,0.878698,0.15447,0.93180,0.43417,1.89756,0.09622,2.57158,1.39553,0.95077,1.73606,1.42264,2.31171,0.93567,0.26569,1.36524,0.37569,1.64427,0.13477,1.57098,0.15447,1.39553,0.30000,0.00000
6.27500,6.16919,1.00000,0.880523,0.15325,0.93204,0.43105,1.89866,0.09129,2.57178,1.39675,0.95087,1.73705,1.42534,2.31716,0.94370,0.26410,1.36585,0.37325,1.64522,0.13272,1.57120,0.15325,1.39675,0.30000,0.00000
6.28333,6.17752,1.00000,0.882414,0.15189,0.93228,0.42820,1.89958,0.08716,2.57205,1.39812,0.95098,1.73836,1.42762,2.32233,0.95066,0.26249,1.36637,0.37089,1.64603,0.13081,1.57144,0.15189,1.39812,0.30000,0.00000
6.29167,6.18586,1.00000,0.884569,0.15037,0.93255,0.42519,1.90055,0.08260,2.57223,1.39963,0.95109,1.73976,1.42956,2.32720,0.95687,0.26081,1.36691,0.36846,1.64687,0.12882,1.57169,0.15037,1.39963,0.30000,0.00000
6.30000,6.19419,1.00000,0.887121,0.14872,0.93282,0.42173,1.90163,0.07733,2.57238,1.40128,0.95121,1.74137,1.43153,2.33223,0.96313,0.25889,1.36751,0.36568,1.64779,0.12651,1.57195,0.14872,1.40128,0.30000,0.00000
6.30833,6.20252,1.00000,0.889817,0.14692,0.93311,0.41825,1.90264,0.07231,2.57261,1.40308,0.95133,1.74318,1.43331,2.33708,0.96878,0.25685,1.36807,0.36278,1.64868,0.12422,1.57222,0.14692,1.40308,0.30000,0.00000
6.31667,6.21086,1.00000,0.892888,0.14497,0.93340,0.41429,1.90380,0.06630,2.57270,1.40503,0.95146,1.74496,1.43492,2.34171,0.97403,0.25465,1.36869,0.35960,1.64967,0.12162,1.57250,0.14497,1.40503,0.30000,0.00000
6.32500,6.21919,1.00000,0.895849,0.14289,0.93371,0.41076,1.90478,0.06123,2.57288,1.40711,0.95159,1.74705,1.43640,2.34644,0.97896,0.25245,1.36927,0.35666,1.65053,0.11919,1.57280,0.14289,1.40711,0.30000,0.00000
6.33333,6.22752,1.00000,0.899307,0.14067,0.93403,0.40665,1.90588,0.05533,2.57304,1.40933,0.95173,1.74928,1.43769,2.35093,0.98324,0.25000,1.36987,0.35323,1.65148,0.11648,1.57311,0.14067,1.40933,0.30000,0.00000
6.34167,6.23586,1.00000,0.902838,0.13833,0.93436,0.40260,1.90694,0.04949,2.57316,1.41167,0.95187,1.75166,1.43893,2.35541,0.98725,0.24749,1.37047,0.34986,1.65240,0.11367,1.57342,0.13833,1.41167,0.30000,0.00000
6.35000,6.24419,1.00000,0.906251,0.13586,0.93470,0.39892,1.90785,0.04453,2.57338,1.41414,0.95201,1.75420,1.43987,2.35967,0.99051,0.24506,1.37100,0.34667,1.65320,0.11114,1.57376,0.13586,1.41414,0.30000,0.00000
6.35833,6.25252,1.00000,0.910377,0.13327,0.93505,0.39444,1.90893,0.03802,2.57337,1.41673,0.95216,1.75697,1.44067,2.36399,0.99341,0.24234,1.37158,0.34298,1.65413,0.10830,1.57410,0.13327,1.41673,0.30000,0.00000
6.36667,6.26086,1.00000,0.914176,0.13057,0.93541,0.39053,1.90984,0.03283,2.57360,1.41943,0.95232,1.75976,1.44121,2.36797,0.99558,0.23968,1.37212,0.33955,1.65494,0.10554,1.57446,0.13057,1.41943,0.30000,0.00000
6.37500,6.26919,1.00000,0.918427,0.12777,0.93577,0.38636,1.91078,0.02713,2.57371,1.42223,0.95247,1.76297,1.44158,2.37221,0.99735,0.23685,1.37267,0.33597,1.65576,0.10261,1.57482,0.12777,1.42223,0.30000,0.00000
6.38333,6.27752,1.00000,0.922711,0.12487,0.93615,0.38194,1.91177,0.02094,2.57374,1.42513,0.95264,1.76596,1.44202,2.37622,0.99920,0.23398,1.37323,0.33223,1.65662,0.09965,1.57520,0.12487,1.42513,0.30000,0.00000
6.39167,6.28586,1.00000,0.927303,0.12188,0.93653,0.37747,1.91275,0.01494,2.57389,1.42812,0.95280,1.76939,1.44225,2.38032,1.00036,0.23097,1.37380,0.32835,1.65749,0.09659,1.57558,0.12188,1.42812,0.30000,0.00000
6.40000,6.29419,1.00000,0.931526,0.11881,0.93693,0.37351,1.91356,0.00971,2.57399,1.43119,0.95297,1.77273,1.44241,2.38434,1.00146,0.22815,1.37428,0.32488,1.65820,0.09389,1.57598,0.11881,1.43119,0.30000,0.00000
6.40833,6.30252,1.00000,0.936212,0.11567,0.93733,0.36925,1.91445,0.00419,2.57418,1.43433,0.95314,1.77639,1.44218,2.38817,1.00146,0.22515,1.37482,0.32111,1.65899,0.09087,1.57639,0.11567,1.43433,0.30000,0.00000
6.41667,6.31086,1.00000,0.940596,0.11247,0.93774,0.36518,1.91521,-0.00114,2.57425,1.43753,0.95332,1.77987,1.44224,2.39216,1.00223,0.22222,1.37527,0.31753,1.65967,0.08813,1.57681,0.11247,1.43753,0.30000,0.00000
6.42500,6.31919,1.00000,0.945347,0.10921,0.93815,0.36103,1.91602,-0.00656,2.57436,1.44079,0.95349,1.78371,1.44192,2.39600,1.00191,0.21921,1.37578,0.31387,1.66039,0.08523,1.57723,0.10921,1.44079,0.30000,0.00000
6.43333,6.32752,1.00000,0.949878,0.10591,0.93857,0.35706,1.91674,-0.01154,2.57451,1.44409,0.95367,1.78747,1.44170,2.39993,1.00192,0.21618,1.37625,0.31029,1.66104,0.08240,1.57767,0.10591,1.44409,0.30000,0.00000
6.44167,6.33586,1.00000,0.954737,0.10256,0.93900,0.35285,1.91752,-0.01701,2.57458,1.44744,0.95386,1.79139,1.44122,2.40368,1.00120,0.21312,1.37672,0.30657,1.66173,0.07952,1.57811,0.10256,1.44744,0.30000,0.00000
6.45000,6.34419,1.00000,0.959348,0.09919,0.93943,0.34916,1.91810,-0.02146,2.57474,1.45081,0.95404,1.79547,1.44060,2.40742,1.00012,0.21016,1.37710,0.30317,1.66225,0.07691,1.57857,0.09919,1.45081,0.30000,0.00000
6.45833,6.35252,1.00000,0.964497,0.09580,0.93987,0.34480,1.91893,-0.02708,2.57485,1.45420,0.95423,1.79958,1.43978,2.41103,0.99860,0.20705,1.37759,0.29930,1.66299,0.07398,1.57902,0.09580,1.45420,0.30000,0.00000
6.46667,6.36086,1.00000,0.969180,0.09239,0.94032,0.34107,1.91951,-0.03156,2.57501,1.45761,0.95442,1.80369,1.43907,2.41463,0.99718,0.20406,1.37799,0.29587,1.66353,0.07133,1.57949,0.09239,1.45761,0.30000,0.00000
6.47500,6.36919,1.00000,0.973689,0.08898,0.94077,0.33765,1.92000,-0.03548,2.57521,1.46102,0.95462,1.80785,1.43830,2.41828,0.99571,0.20117,1.37834,0.29265,1.66398,0.06886,1.57996,0.08898,1.46102,0.30000,0.00000
6.48333,6.37752,1.00000,0.978573,0.08557,0.94122,0.33392,1.92060,-0.03996,2.57538,1.46443,0.95481,1.81218,1.43731,2.42176,0.99354,0.19817,1.37874,0.28921,1.66452,0.06626,1.58043,0.08557,1.46443,0.30000,0.00000
6.49167,6.38586,1.00000,0.983203,0.08217,0.94168,0.33038,1.92116,-0.04425,2.57551,1.46783,0.95501,1.81630,1.43638,2.42520,0.99168,0.19536,1.37911,0.28597,1.66503,0.06386,1.58091,0.08217,1.46783,0.30000,0.00000
6.50000,6.39419,1.00000,0.987779,0.07879,0.94215,0.32723,1.92156,-0.04765,2.57576,1.47121,0.95521,1.82073,1.43524,2.42861,0.98915,0.19253,1.37942,0.28292,1.66542,0.06159,1.58140,0.07879,1.47121,0.30000,0.00000
6.50833,6.40252,1.00000,0.992082,0.07543,0.94261,0.32419,1.92194,-0.05120,2.57586,1.47457,0.95541,1.82486,1.43432,2.43205,0.98729,0.18990,1.37971,0.28007,1.66577,0.05953,1.58189,0.07543,1.47457,0.30000,0.00000
6.51667,6.41086,1.00000,0.996650,0.07210,0.94308,0.32110,1.92235,-0.05454,2.57612,1.47790,0.95561,1.82916,1.43279,2.43497,0.98390,0.18713,1.38003,0.27708,1.66616,0.05730,1.58238,0.07210,1.47790,0.30000,0.00000
6.52500,6.41919,1.00000,1.000538,0.06882,0.94356,0.31878,1.92252,-0.05661,2.57644,1.48118,0.95581,1.83333,1.43163,2.43811,0.98135,0.18471,1.38022,0.27466,1.66635,0.05561,1.58287,0.06882,1.48118,0.30000,0.00000
6.53333,6.42752,1.00000,1.004838,0.06558,0.94403,0.31614,1.92283,-0.05924,2.57675,1.48442,0.95601,1.83778,1.43034,2.44135,0.97844,0.18219,1.38049,0.27202,1.66666,0.05372,1.58336,0.06558,1.48442,0.30000,0.00000
6.54167,6.43586,1.00000,1.009011,0.06239,0.94451,0.31344,1.92312,-0.06220,2.57689,1.48761,0.95622,1.84190,1.42902,2.44425,0.97550,0.17969,1.38073,0.26942,1.66693,0.05187,1.58385,0.06239,1.48761,0.30000,0.00000
6.55000,6.44419,1.00000,1.013081,0.05926,0.94499,0.31095,1.92338,-0.06469,2.57716,1.49074,0.95643,1.84606,1.42766,2.44720,0.97252,0.17731,1.38096,0.26693,1.66719,0.05019,1.58433,0.05926,1.49074,0.30000,0.00000
6.55833,6.45252,1.00000,1.016612,0.05619,0.94548,0.30907,1.92346,-0.06606,2.57752,1.49381,0.95663,1.85006,1.42639,2.44997,0.96963,0.17513,1.38110,0.26486,1.66730,0.04887,1.58482,0.05619,1.49381,0.30000,0.00000
6.56667,6.46086,1.00000,1.020273,0.05319,0.94596,0.30714,1.92360,-0.06774,2.57780,1.49681,0.95684,1.85410,1.42497,2.45261,0.96638,0.17299,1.38129,0.26283,1.66746,0.04746,1.58530,0.05319,1.49681,0.30000,0.00000
6.57500,6.46919,1.00000,1.024170,0.05026,0.94645,0.30502,1.92376,-0.06961,2.57811,1.49974,0.95705,1.85827,1.42331,2.45519,0.96266,0.17077,1.38147,0.26061,1.66764,0.04603,1.58578,0.05026,1.49974,0.30000,0.00000
6.58333,6.47752,1.00000,1.027268,0.04741,0.94693,0.30379,1.92369,-0.07009,2.57847,1.50259,0.95726,1.86215,1.42189,2.45766,0.95941,0.16892,1.38156,0.25908,1.66762,0.04511,1.58625,0.04741,1.50259,0.30000,0.00000
6.59167,6.48586,1.00000,1.030521,0.04464,0.94742,0.30222,1.92376,-0.07116,2.57883,1.50536,0.95746,1.86587,1.42045,2.45995,0.95614,0.16703,1.38170,0.25731,1.66772,0.04404,1.58671,0.04464,1.50536,0.30000,0.00000
6.60000,6.49419,1.00000,1.033892,0.04195,0.94790,0.30062,1.92384,-0.07250,2.57905,1.50805,0.95767,1.86970,1.41894,2.46218,0.95258,0.16524,1.38183,0.25562,1.66782,0.04310,1.58717,0.04195,1.50805,0.30000,0.00000
6.60833,6.50252,1.00000,1.036619,0.03936,0.94839,0.29996,1.92364,-0.07191,2.57956,1.51064,0.95788,1.87352,1.41731,2.46439,0.94892,0.16364,1.38186,0.25447,1.66771,0.04254,1.58762,0.03936,1.51064,0.30000,0.00000
6.61667,6.51086,1.00000,1.039441,0.03685,0.94887,0.29876,1.92366,-0.07261,2.57987,1.51315,0.95809,1.87695,1.41610,2.46655,0.94611,0.16202,1.38199,0.25307,1.66777,0.04172,1.58806,0.03685,1.51315,0.30000,0.00000
6.62500,6.51919,1.00000,1.042000,0.03443,0.94936,0.29819,1.92348,-0.07217,2.58026,1.51557,0.95830,1.88054,1.41454,2.46852,0.94253,0.16063,1.38201,0.25211,1.66765,0.04135,1.58849,0.03443,1.51557,0.30000,0.00000
6.63333,6.52752,1.00000,1.044560,0.03211,0.94984,0.29751,1.92334,-0.07209,2.58054,1.51789,0.95850,1.88398,1.41302,2.47033,0.93898,0.15932,1.38203,0.25113,1.66757,0.04107,1.58891,0.03211,1.51789,0.30000,0.00000
6.64167,6.53586,1.00000,1.046897,0.02989,0.95032,0.29692,1.92323,-0.07168,2.58100,1.52011,0.95871,1.88722,1.41169,2.47211,0.93585,0.15801,1.38210,0.25015,1.66753,0.04065,1.58933,0.02989,1.52011,0.30000,0.00000
6.65000,6.54419,1.00000,1.049085,0.02777,0.95080,0.29664,1.92303,-0.07095,2.58136,1.52223,0.95892,1.89044,1.41015,2.47369,0.93230,0.15690,1.38211,0.24948,1.66740,0.04056,1.58973,0.02777,1.52223,0.30000,0.00000
6.65833,6.55252,1.00000,1.050979,0.02575,0.95128,0.29665,1.92276,-0.06967,2.58179,1.52425,0.95912,1.89349,1.40860,2.47508,0.92874,0.15587,1.38211,0.24900,1.66722,0.04052,1.59012,0.02575,1.52425,0.30000,0.00000
6.66667,6.56086,1.00000,1.052694,0.02382,0.95175,0.29656,1.92254,-0.06875,2.58214,1.52618,0.95932,1.89631,1.40762,2.47679,0.92642,0.15496,1.38211,0.24852,1.66708,0.04063,1.59050,0.02382,1.52618,0.30000,0.00000
6.67500,6.56919,1.00000,1.054391,0.02200,0.95223,0.29678,1.92226,-0.06726,2.58255,1.52800,0.95953,1.89923,1.40613,2.47805,0.92293,0.15414,1.38210,0.24825,1.66689,0.04085,1.59086,0.02200,1.52800,0.30000,0.00000
6.68333,6.57752,1.00000,1.056230,0.02027,0.95269,0.29662,1.92211,-0.06641,2.58297,1.52973,0.95973,1.90201,1.40480,2.47935,0.91982,0.15326,1.38214,0.24770,1.66682,0.04086,1.59123,0.02027,1.52973,0.30000,0.00000
6.69167,6.58586,1.00000,1.057537,0.01865,0.95316,0.29703,1.92181,-0.06473,2.58336,1.53135,0.95992,1.90452,1.40350,2.48037,0.91676,0.15264,1.38212,0.24762,1.66662,0.04122,1.59157,0.01865,1.53135,0.30000,0.00000
6.70000,6.59419,1.00000,1.058776,0.01712,0.95362,0.29754,1.92151,-0.06295,2.58375,1.53288,0.96012,1.90706,1.40232,2.48160,0.91404,0.15212,1.38209,0.24764,1.66640,0.04167,1.59191,0.01712,1.53288,0.30000,0.00000
6.70833,6.60252,1.00000,1.059844,0.01569,0.95408,0.29846,1.92108,-0.06051,2.58415,1.53431,0.96032,1.90966,1.40089,2.48251,0.91062,0.15179,1.38200,0.24797,1.66609,0.04240,1.59221,0.01569,1.53431,0.30000,0.00000
6.71667,6.61086,1.00000,1.060821,0.01435,0.95453,0.29915,1.92075,-0.05854,2.58451,1.53565,0.96051,1.91186,1.39958,2.48320,0.90756,0.15145,1.38196,0.24817,1.66586,0.04305,1.59252,0.01435,1.53565,0.30000,0.00000
6.72500,6.61919,1.00000,1.061977,0.01311,0.95497,0.29957,1.92053,-0.05711,2.58483,1.53689,0.96070,1.91420,1.39866,2.48440,0.90533,0.15104,1.38196,0.24820,1.66572,0.04359,1.59282,0.01311,1.53689,0.30000,0.00000
6.73333,6.62752,1.00000,1.062715,0.01195,0.95542,0.30041,1.92023,-0.05499,2.58522,1.53805,0.96089,1.91619,1.39756,2.48508,0.90270,0.15085,1.38195,0.24856,1.66552,0.04431,1.59311,0.01195,1.53805,0.30000,0.00000
6.74167,6.63586,1.00000,1.063531,0.01088,0.95585,0.30131,1.91987,-0.05282,2.58554,1.53912,0.96108,1.91834,1.39633,2.48570,0.89972,0.15072,1.38188,0.24896,1.66526,0.04515,1.59338,0.01088,1.53912,0.30000,0.00000
6.75000,6.64419,1.00000,1.064020,0.00989,0.95628,0.30232,1.91955,-0.05053,2.58590,1.54011,0.96126,1.92013,1.39538,2.48635,0.89747,0.15070,1.38185,0.24949,1.66504,0.04604,1.59364,0.00989,1.54011,0.30000,0.00000
6.75833,6.65252,1.00000,1.064673,0.00898,0.95671,0.30311,1.91932,-0.04871,2.58621,1.54102,0.96145,1.92195,1.39450,2.48702,0.89528,0.15067,1.38186,0.24989,1.66489,0.04683,1.59390,0.00898,1.54102,0.30000,0.00000
6.76667,6.66086,1.00000,1.064770,0.00815,0.95712,0.30470,1.91881,-0.04534,2.58664,1.54185,0.96162,1.92369,1.39340,2.48741,0.89267,0.15081,1.38175,0.25079,1.66452,0.04797,1.59412,0.00815,1.54185,0.30000,0.00000
6.77500,6.66919,1.00000,1.065251,0.00738,0.95753,0.30563,1.91856,-0.04338,2.58692,1.54262,0.96180,1.92534,1.39250,2.48791,0.89048,0.15092,1.38174,0.25133,1.66436,0.04890,1.59435,0.00738,1.54262,0.30000,0.00000
6.78333,6.67752,1.00000,1.065852,0.00668,0.95794,0.30632,1.91841,-0.04192,2.58718,1.54332,0.96197,1.92691,1.39166,2.48832,0.88835,0.15099,1.38178,0.25173,1.66428,0.04967,1.59459,0.00668,1.54332,0.30000,0.00000
6.79167,6.68586,1.00000,1.065664,0.00604,0.95833,0.30795,1.91797,-0.03875,2.58753,1.54396,0.96214,1.92826,1.39091,2.48871,0.88652,0.15139,1.38169,0.25278,1.66395,0.05097,1.59478,0.00604,1.54396,0.30000,0.00000
6.80000,6.69419,1.00000,1.066212,0.00546,0.95872,0.30883,1.91771,-0.03710,2.58767,1.54454,0.96231,1.92980,1.38971,2.48870,0.88360,0.15154,1.38165,0.25336,1.66376,0.05195,1.59497,0.00546,1.54454,0.30000,0.00000
6.80833,6.70252,1.00000,1.066188,0.00492,0.95910,0.31003,1.91746,-0.03488,2.58796,1.54508,0.96247,1.93103,1.38931,2.48934,0.88256,0.15191,1.38165,0.25417,1.66360,0.05301,1.59516,0.00492,1.54508,0.30000,0.00000
6.81667,6.71086,1.00000,1.066394,0.00444,0.95947,0.31117,1.91727,-0.03270,2.58829,1.54556,0.96263,1.93232,1.38830,2.48927,0.88005,0.15224,1.38169,0.25493,1.66349,0.05394,1.59537,0.00444,1.54556,0.30000,0.00000
6.82500,6.71919,1.00000,1.066307,0.00400,0.95983,0.31259,1.91692,-0.03000,2.58860,1.54600,0.96278,1.93361,1.38765,2.48958,0.87833,0.15263,1.38166,0.25586,1.66326,0.05509,1.59552,0.00400,1.54600,0.30000,0.00000
6.83333,6.72752,1.00000,1.066255,0.00360,0.96018,0.31388,1.91659,-0.02768,2.58879,1.54640,0.96294,1.93477,1.38694,2.48977,0.87656,0.15310,1.38157,0.25676,1.66301,0.05634,1.59566,0.00360,1.54640,0.30000,0.00000
6.84167,6.73586,1.00000,1.066080,0.00324,0.96053,0.31508,1.91635,-0.02544,2.58908,1.54676,0.96308,1.93566,1.38642,2.48988,0.87519,0.15348,1.38158,0.25757,1.66286,0.05733,1.59582,0.00324,1.54676,0.30000,0.00000
6.85000,6.74419,1.00000,1.066185,0.00292,0.96086,0.31611,1.91616,-0.02364,2.58928,1.54708,0.96322,1.93674,1.38571,2.48998,0.87341,0.15389,1.38157,0.25831,1.66273,0.05836,1.59596,0.00292,1.54708,0.30000,0.00000
6.85833,6.75252,1.00000,1.066104,0.00262,0.96118,0.31736,1.91588,-0.02135,2.58952,1.54738,0.96336,1.93780,1.38504,2.49006,0.87169,0.15433,1.38155,0.25917,1.66255,0.05936,1.59610,0.00262,1.54738,0.30000,0.00000
6.86667,6.76086,1.00000,1.066081,0.00235,0.96149,0.31835,1.91573,-0.01959,2.58976,1.54765,0.96350,1.93867,1.38446,2.49013,0.87026,0.15470,1.38158,0.25987,1.66246,0.06026,1.59624,0.00235,1.54765,0.30000,0.00000
6.87500,6.76919,1.00000,1.065882,0.00211,0.96179,0.31937,1.91556,-0.01780,2.58998,1.54789,0.96363,1.93940,1.38424,2.49047,0.86962,0.15510,1.38160,0.26059,1.66236,0.06119,1.59636,0.00211,1.54789,0.30000,0.00000
6.88333,6.77752,1.00000,1.066075,0.00189,0.96208,0.32024,1.91547,-0.01641,2.59015,1.54811,0.96375,1.94035,1.38341,2.49023,0.86752,0.15556,1.38164,0.26127,1.66232,0.06205,1.59649,0.00189,1.54811,0.30000,0.00000
6.89167,6.78586,1.00000,1.065791,0.00170,0.96236,0.32129,1.91528,-0.01458,2.59034,1.54830,0.96387,1.94099,1.38323,2.49048,0.86692,0.15600,1.38164,0.26203,1.66219,0.06297,1.59659,0.00170,1.54830,0.30000,0.00000
6.90000,6.79419,1.00000,1.065706,0.00152,0.96263,0.32229,1.91508,-0.01280,2.59053,1.54848,0.96398,1.94178,1.38268,2.49048,0.86553,0.15639,1.38163,0.26274,1.66206,0.06383,1.59670,0.00152,1.54848,0.30000,0.00000
6.90833,6.80252,1.00000,1.065545,0.00136,0.96288,0.32335,1.91490,-0.01097,2.59073,1.54864,0.96409,1.94248,1.38215,2.49039,0.86415,0.15683,1.38164,0.26351,1.66195,0.06468,1.59679,0.00136,1.54864,0.30000,0.00000
6.91667,6.81086,1.00000,1.065545,0.00122,0.96312,0.32405,1.91481,-0.01000,2.59077,1.54878,0.96420,1.94308,1.38173,2.49038,0.86311,0.15722,1.38166,0.26412,1.66188,0.06547,1.59688,0.00122,1.54878,0.30000,0.00000
6.92500,6.81919,1.00000,1.065526,0.00109,0.96335,0.32486,1.91468,-0.00868,2.59089,1.54891,0.96429,1.94379,1.38133,2.49050,0.86207,0.15762,1.38165,0.26473,1.66180,0.06627,1.59695,0.00109,1.54891,0.30000,0.00000
6.93333,6.82752,1.00000,1.065178,0.00098,0.96357,0.32598,1.91443,-0.00678,2.59103,1.54902,0.96439,1.94432,1.38097,2.49043,0.86109,0.15813,1.38160,0.26556,1.66162,0.06720,1.59701,0.00098,1.54902,0.30000,0.00000
6.94167,6.83586,1.00000,1.065144,0.00087,0.96377,0.32652,1.91440,-0.00598,2.59113,1.54913,0.96447,1.94475,1.38075,2.49046,0.86045,0.15846,1.38163,0.26600,1.66161,0.06785,1.59708,0.00087,1.54913,0.30000,0.00000
6.95000,6.84419,1.00000,1.065013,0.00078,0.96395,0.32726,1.91428,-0.00472,2.59127,1.54922,0.96455,1.94525,1.38049,2.49056,0.85977,0.15879,1.38165,0.26654,1.66154,0.06845,1.59715,0.00078,1.54922,0.30000,0.00000
6.95833,6.85252,1.00000,1.065119,0.00070,0.96413,0.32770,1.91429,-0.00402,2.59140,1.54930,0.96463,1.94575,1.38011,2.49046,0.85876,0.15903,1.38172,0.26689,1.66157,0.06888,1.59723,0.00070,1.54930,0.30000,0.00000
